scope,artifact,aggregation,window_s,selected_k,cluster_id,feature_name,rank,cluster_value,global_value,delta_vs_global,global_std,score_std,direction,value_space,method,cut_mode,cut_value,linkage
per_dataset,Magnet_CTF_2019_Windows_Desktop,max,60,28,0,has_modified_flag,1,1.0,0.16494221243808477,0.8350577875619152,0.3711283861335784,2.250050915698073,elevated,binary_mean,agglomerative,k,28,ward
per_dataset,Magnet_CTF_2019_Windows_Desktop,max,60,28,0,is_filename_attr,2,0.9976415094339622,0.16609796367638965,0.8315435457575726,0.3721685507118333,2.2343196968790418,elevated,binary_mean,agglomerative,k,28,ward
per_dataset,Magnet_CTF_2019_Windows_Desktop,max,60,28,0,is_unallocated,3,0.41273584905660377,0.03065492570170611,0.38208092335489763,0.17238097700131816,2.216491099171952,elevated,binary_mean,agglomerative,k,28,ward
per_dataset,Magnet_CTF_2019_Windows_Desktop,max,60,28,0,has_macb_modified,4,1.0,0.17572922399559715,0.8242707760044028,0.38058962653953454,2.165773044949373,elevated,binary_mean,agglomerative,k,28,ward
per_dataset,Magnet_CTF_2019_Windows_Desktop,max,60,28,0,has_sha256,5,1.0,0.17677490368739682,0.8232250963126032,0.3814780951951349,2.15798779825517,elevated,binary_mean,agglomerative,k,28,ward
per_dataset,Magnet_CTF_2019_Windows_Desktop,max,60,28,0,is_file,6,1.0,0.17677490368739682,0.8232250963126032,0.3814780951951349,2.15798779825517,elevated,binary_mean,agglomerative,k,28,ward
per_dataset,Magnet_CTF_2019_Windows_Desktop,max,60,28,0,is_file_entry,7,1.0,0.17677490368739682,0.8232250963126032,0.3814780951951349,2.15798779825517,elevated,binary_mean,agglomerative,k,28,ward
per_dataset,Magnet_CTF_2019_Windows_Desktop,max,60,28,0,is_ntfs,8,1.0,0.1782608695652174,0.8217391304347826,0.38273219350750987,2.147034200164081,elevated,binary_mean,agglomerative,k,28,ward
per_dataset,Magnet_CTF_2019_Windows_Desktop,max,60,28,0,mask_File_stat,9,1.0,0.1782608695652174,0.8217391304347826,0.38273219350750987,2.147034200164081,elevated,binary_mean,agglomerative,k,28,ward
per_dataset,Magnet_CTF_2019_Windows_Desktop,max,60,28,0,is_standard_info,10,1.0,0.18381948266373144,0.8161805173362686,0.3873369082039169,2.107159113881789,elevated,binary_mean,agglomerative,k,28,ward
per_dataset,Magnet_CTF_2019_Windows_Desktop,max,60,28,0,mask_NTFS_file_stat,11,1.0,0.18591084204733077,0.8140891579526692,0.38903470392316314,2.0925874448146473,elevated,binary_mean,agglomerative,k,28,ward
per_dataset,Magnet_CTF_2019_Windows_Desktop,max,60,28,0,mask_WinEVTX,12,0.025943396226415096,0.6248761695101817,-0.5989327732837666,0.48415487427936155,-1.2370685347422359,suppressed,binary_mean,agglomerative,k,28,ward
per_dataset,Magnet_CTF_2019_Windows_Desktop,max,60,28,0,is_in_winsxs,13,0.16745283018867924,0.05492570170610897,0.11252712848257027,0.22783517945699366,0.4938970522980208,elevated,binary_mean,agglomerative,k,28,ward
per_dataset,Magnet_CTF_2019_Windows_Desktop,max,60,28,0,is_suspicious_domain,14,0.0,0.15663181067694001,-0.15663181067694001,0.3634532797499607,-0.43095444475050854,suppressed,binary_mean,agglomerative,k,28,ward
per_dataset,Magnet_CTF_2019_Windows_Desktop,max,60,28,0,mask_Chrome_Cache,15,0.0,0.15663181067694001,-0.15663181067694001,0.3634532797499607,-0.43095444475050854,suppressed,binary_mean,agglomerative,k,28,ward
per_dataset,Magnet_CTF_2019_Windows_Desktop,max,60,28,1,IsDynamicLibrary,1,0.9737704918032787,0.04667033571821684,0.9271001560850618,0.21093177921348355,4.395260475161219,elevated,binary_mean,agglomerative,k,28,ward
per_dataset,Magnet_CTF_2019_Windows_Desktop,max,60,28,1,is_executable,2,1.0,0.050798018712162905,0.9492019812878371,0.21958501771997482,4.322708115137541,elevated,binary_mean,agglomerative,k,28,ward
per_dataset,Magnet_CTF_2019_Windows_Desktop,max,60,28,1,is_in_winsxs,3,0.9540983606557377,0.05492570170610897,0.8991726589496287,0.22783517945699366,3.946592539513556,elevated,binary_mean,agglomerative,k,28,ward
per_dataset,Magnet_CTF_2019_Windows_Desktop,max,60,28,1,has_modified_flag,4,0.9967213114754099,0.16494221243808477,0.831779099037325,0.3711283861335784,2.2412165377341458,elevated,binary_mean,agglomerative,k,28,ward
per_dataset,Magnet_CTF_2019_Windows_Desktop,max,60,28,1,is_filename_attr,5,0.980327868852459,0.16609796367638965,0.8142299051760694,0.3721685507118333,2.187798731893746,elevated,binary_mean,agglomerative,k,28,ward
per_dataset,Magnet_CTF_2019_Windows_Desktop,max,60,28,1,has_sha256,6,1.0,0.17677490368739682,0.8232250963126032,0.3814780951951349,2.15798779825517,elevated,binary_mean,agglomerative,k,28,ward
per_dataset,Magnet_CTF_2019_Windows_Desktop,max,60,28,1,is_file,7,1.0,0.17677490368739682,0.8232250963126032,0.3814780951951349,2.15798779825517,elevated,binary_mean,agglomerative,k,28,ward
per_dataset,Magnet_CTF_2019_Windows_Desktop,max,60,28,1,is_file_entry,8,1.0,0.17677490368739682,0.8232250963126032,0.3814780951951349,2.15798779825517,elevated,binary_mean,agglomerative,k,28,ward
per_dataset,Magnet_CTF_2019_Windows_Desktop,max,60,28,1,has_macb_modified,9,0.9967213114754099,0.17572922399559715,0.8209920874798127,0.38058962653953454,2.157158284562303,elevated,binary_mean,agglomerative,k,28,ward
per_dataset,Magnet_CTF_2019_Windows_Desktop,max,60,28,1,is_ntfs,10,1.0,0.1782608695652174,0.8217391304347826,0.38273219350750987,2.147034200164081,elevated,binary_mean,agglomerative,k,28,ward
per_dataset,Magnet_CTF_2019_Windows_Desktop,max,60,28,1,mask_File_stat,11,1.0,0.1782608695652174,0.8217391304347826,0.38273219350750987,2.147034200164081,elevated,binary_mean,agglomerative,k,28,ward
per_dataset,Magnet_CTF_2019_Windows_Desktop,max,60,28,1,is_standard_info,12,1.0,0.18381948266373144,0.8161805173362686,0.3873369082039169,2.107159113881789,elevated,binary_mean,agglomerative,k,28,ward
per_dataset,Magnet_CTF_2019_Windows_Desktop,max,60,28,1,mask_NTFS_file_stat,13,1.0,0.18591084204733077,0.8140891579526692,0.38903470392316314,2.0925874448146473,elevated,binary_mean,agglomerative,k,28,ward
per_dataset,Magnet_CTF_2019_Windows_Desktop,max,60,28,1,mask_WinEVTX,14,0.05245901639344262,0.6248761695101817,-0.572417153116739,0.48415487427936155,-1.1823017214186553,suppressed,binary_mean,agglomerative,k,28,ward
per_dataset,Magnet_CTF_2019_Windows_Desktop,max,60,28,1,is_suspicious_domain,15,0.0,0.15663181067694001,-0.15663181067694001,0.3634532797499607,-0.43095444475050854,suppressed,binary_mean,agglomerative,k,28,ward
per_dataset,Magnet_CTF_2019_Windows_Desktop,max,60,28,2,is_in_system32,1,0.9904153354632588,0.03346175013758943,0.9569535853256693,0.1798389874730142,5.3211683715555935,elevated,binary_mean,agglomerative,k,28,ward
per_dataset,Magnet_CTF_2019_Windows_Desktop,max,60,28,2,is_from_system32,2,0.9968051118210862,0.034287286736378646,0.9625178250847076,0.18196611966142487,5.289543866628453,elevated,binary_mean,agglomerative,k,28,ward
per_dataset,Magnet_CTF_2019_Windows_Desktop,max,60,28,2,is_in_winsxs,3,1.0,0.05492570170610897,0.945074298293891,0.22783517945699366,4.148061151336256,elevated,binary_mean,agglomerative,k,28,ward
per_dataset,Magnet_CTF_2019_Windows_Desktop,max,60,28,2,is_executable,4,0.8083067092651757,0.050798018712162905,0.7575086905530127,0.21958501771997482,3.449728328103606,elevated,binary_mean,agglomerative,k,28,ward
per_dataset,Magnet_CTF_2019_Windows_Desktop,max,60,28,2,IsDynamicLibrary,5,0.7284345047923323,0.04667033571821684,0.6817641690741154,0.21093177921348355,3.232154677188575,elevated,binary_mean,agglomerative,k,28,ward
per_dataset,Magnet_CTF_2019_Windows_Desktop,max,60,28,2,has_modified_flag,6,1.0,0.16494221243808477,0.8350577875619152,0.3711283861335784,2.250050915698073,elevated,binary_mean,agglomerative,k,28,ward
per_dataset,Magnet_CTF_2019_Windows_Desktop,max,60,28,2,is_filename_attr,7,1.0,0.16609796367638965,0.8339020363236104,0.3721685507118333,2.2406568537886065,elevated,binary_mean,agglomerative,k,28,ward
per_dataset,Magnet_CTF_2019_Windows_Desktop,max,60,28,2,has_macb_modified,8,1.0,0.17572922399559715,0.8242707760044028,0.38058962653953454,2.165773044949373,elevated,binary_mean,agglomerative,k,28,ward
per_dataset,Magnet_CTF_2019_Windows_Desktop,max,60,28,2,has_sha256,9,1.0,0.17677490368739682,0.8232250963126032,0.3814780951951349,2.15798779825517,elevated,binary_mean,agglomerative,k,28,ward
per_dataset,Magnet_CTF_2019_Windows_Desktop,max,60,28,2,is_file,10,1.0,0.17677490368739682,0.8232250963126032,0.3814780951951349,2.15798779825517,elevated,binary_mean,agglomerative,k,28,ward
per_dataset,Magnet_CTF_2019_Windows_Desktop,max,60,28,2,is_file_entry,11,1.0,0.17677490368739682,0.8232250963126032,0.3814780951951349,2.15798779825517,elevated,binary_mean,agglomerative,k,28,ward
per_dataset,Magnet_CTF_2019_Windows_Desktop,max,60,28,2,is_ntfs,12,1.0,0.1782608695652174,0.8217391304347826,0.38273219350750987,2.147034200164081,elevated,binary_mean,agglomerative,k,28,ward
per_dataset,Magnet_CTF_2019_Windows_Desktop,max,60,28,2,mask_File_stat,13,1.0,0.1782608695652174,0.8217391304347826,0.38273219350750987,2.147034200164081,elevated,binary_mean,agglomerative,k,28,ward
per_dataset,Magnet_CTF_2019_Windows_Desktop,max,60,28,2,is_standard_info,14,1.0,0.18381948266373144,0.8161805173362686,0.3873369082039169,2.107159113881789,elevated,binary_mean,agglomerative,k,28,ward
per_dataset,Magnet_CTF_2019_Windows_Desktop,max,60,28,2,mask_NTFS_file_stat,15,1.0,0.18591084204733077,0.8140891579526692,0.38903470392316314,2.0925874448146473,elevated,binary_mean,agglomerative,k,28,ward
per_dataset,Magnet_CTF_2019_Windows_Desktop,max,60,28,3,MissingMInMACB,1,0.8695652173913043,0.0013208585580627408,0.8682443588332416,0.03631960752448095,23.90565809918038,elevated,binary_mean,agglomerative,k,28,ward
per_dataset,Magnet_CTF_2019_Windows_Desktop,max,60,28,3,macb_is_only_access_birth,2,0.8695652173913043,0.0013208585580627408,0.8682443588332416,0.03631960752448095,23.90565809918038,elevated,binary_mean,agglomerative,k,28,ward
per_dataset,Magnet_CTF_2019_Windows_Desktop,max,60,28,3,is_user_profile_shortcut,3,0.8695652173913043,0.0017611447440836544,0.8678040726472207,0.04192902471169632,20.69697236328558,elevated,binary_mean,agglomerative,k,28,ward
per_dataset,Magnet_CTF_2019_Windows_Desktop,max,60,28,3,mask_Windows_Shortcut,4,0.8695652173913043,0.0017611447440836544,0.8678040726472207,0.04192902471169632,20.69697236328558,elevated,binary_mean,agglomerative,k,28,ward
per_dataset,Magnet_CTF_2019_Windows_Desktop,max,60,28,3,is_system_path,5,0.782608695652174,0.0015410016510731975,0.7810676940011008,0.03922533575362469,19.912321459369792,elevated,binary_mean,agglomerative,k,28,ward
per_dataset,Magnet_CTF_2019_Windows_Desktop,max,60,28,3,IsInAppData,6,0.6956521739130435,0.0024215740231150248,0.6932305998899284,0.04914987286215092,14.104420184158114,elevated,binary_mean,agglomerative,k,28,ward
per_dataset,Magnet_CTF_2019_Windows_Desktop,max,60,28,3,mask_File_entry_shell_item,7,0.6956521739130435,0.002586681342872867,0.6930654925701706,0.05079360611832261,13.64473619983444,elevated,binary_mean,agglomerative,k,28,ward
per_dataset,Magnet_CTF_2019_Windows_Desktop,max,60,28,3,is_link_file,8,0.6086956521739131,0.001981287837094111,0.606714364336819,0.04446754249563039,13.64397926772421,elevated,binary_mean,agglomerative,k,28,ward
per_dataset,Magnet_CTF_2019_Windows_Desktop,max,60,28,3,has_exe_target,9,0.391304347826087,0.0008805723720418272,0.39042377545404516,0.029661371585606482,13.162696900251694,elevated,binary_mean,agglomerative,k,28,ward
per_dataset,Magnet_CTF_2019_Windows_Desktop,max,60,28,3,is_google_domain,10,0.2608695652173913,0.0004402861860209136,0.26042927903137036,0.020978377775588676,12.41417032696939,elevated,binary_mean,agglomerative,k,28,ward
per_dataset,Magnet_CTF_2019_Windows_Desktop,max,60,28,3,is_gstatic_domain,11,0.17391304347826086,0.0002201430930104568,0.1736929003852504,0.014835586608862375,11.707847346125,elevated,binary_mean,agglomerative,k,28,ward
per_dataset,Magnet_CTF_2019_Windows_Desktop,max,60,28,3,is_image_file,12,0.30434782608695654,0.0007154650522839846,0.30363236103467256,0.026738608079758846,11.355574178477177,elevated,binary_mean,agglomerative,k,28,ward
per_dataset,Magnet_CTF_2019_Windows_Desktop,max,60,28,3,is_analytics_cookie,13,0.17391304347826086,0.000275178866263071,0.1736378646119978,0.0165862335343089,10.468787839321493,elevated,binary_mean,agglomerative,k,28,ward
per_dataset,Magnet_CTF_2019_Windows_Desktop,max,60,28,3,is_ad_service,14,0.13043478260869565,0.0001651073197578426,0.13026967528893782,0.012848348505967798,10.139013106493739,elevated,binary_mean,agglomerative,k,28,ward
per_dataset,Magnet_CTF_2019_Windows_Desktop,max,60,28,3,is_bing_domain,15,0.13043478260869565,0.0001651073197578426,0.13026967528893782,0.012848348505967798,10.139013106493739,elevated,binary_mean,agglomerative,k,28,ward
per_dataset,Magnet_CTF_2019_Windows_Desktop,max,60,28,4,key_new_registry_branch,1,0.8391608391608392,0.01375894331315355,0.8254018958476856,0.11648877539084604,7.085676900813043,elevated,binary_mean,agglomerative,k,28,ward
per_dataset,Magnet_CTF_2019_Windows_Desktop,max,60,28,4,IsUserHive,2,0.7132867132867133,0.010566868464501927,0.7027198448222114,0.10225072007255422,6.8725166492560135,elevated,binary_mean,agglomerative,k,28,ward
per_dataset,Magnet_CTF_2019_Windows_Desktop,max,60,28,4,is_in_temp_or_spool,3,0.5314685314685315,0.01023665382498624,0.5212318776435452,0.1006571643920771,5.178288391180711,elevated,binary_mean,agglomerative,k,28,ward
per_dataset,Magnet_CTF_2019_Windows_Desktop,max,60,28,4,mask_WinPrefetch,4,0.6503496503496503,0.015960374243258118,0.6343892761063922,0.1253221476726012,5.062067936650973,elevated,binary_mean,agglomerative,k,28,ward
per_dataset,Magnet_CTF_2019_Windows_Desktop,max,60,28,4,is_rare_app,5,0.34265734265734266,0.004567969179966979,0.33808937347737567,0.0674322091995943,5.013766082303424,elevated,binary_mean,agglomerative,k,28,ward
per_dataset,Magnet_CTF_2019_Windows_Desktop,max,60,28,4,is_xml_file,6,0.5384615384615384,0.011447440836543754,0.5270140976249946,0.10637855486345725,4.954138066267826,elevated,binary_mean,agglomerative,k,28,ward
per_dataset,Magnet_CTF_2019_Windows_Desktop,max,60,28,4,mask_Registry_Key,7,0.972027972027972,0.04166208035222895,0.930365891675743,0.19981579370248329,4.656117656544404,elevated,binary_mean,agglomerative,k,28,ward
per_dataset,Magnet_CTF_2019_Windows_Desktop,max,60,28,4,is_terminal_services,8,0.48951048951048953,0.012162905888827739,0.4773475836216618,0.10961281681065978,4.354851503339207,elevated,binary_mean,agglomerative,k,28,ward
per_dataset,Magnet_CTF_2019_Windows_Desktop,max,60,28,4,is_run_often,9,0.5174825174825175,0.013703907539900936,0.5037786099426166,0.11625880808798437,4.333250743710109,elevated,binary_mean,agglomerative,k,28,ward
per_dataset,Magnet_CTF_2019_Windows_Desktop,max,60,28,4,is_policy_change,10,0.6433566433566433,0.02570170610897083,0.6176549372476725,0.15824388901963612,3.9031832574539203,elevated,binary_mean,agglomerative,k,28,ward
per_dataset,Magnet_CTF_2019_Windows_Desktop,max,60,28,4,IsSystemHive,11,0.27972027972027974,0.005173362685745734,0.274546917034534,0.07173980069854856,3.82698134217531,elevated,binary_mean,agglomerative,k,28,ward
per_dataset,Magnet_CTF_2019_Windows_Desktop,max,60,28,4,mask_MSIE_WebCache_containers_record,12,0.16083916083916083,0.0018161805173362686,0.15902298032182458,0.04257795210745483,3.7348659365259236,elevated,binary_mean,agglomerative,k,28,ward
per_dataset,Magnet_CTF_2019_Windows_Desktop,max,60,28,4,is_in_system32,13,0.6503496503496503,0.03346175013758943,0.6168879002120609,0.1798389874730142,3.4302231934129206,elevated,binary_mean,agglomerative,k,28,ward
per_dataset,Magnet_CTF_2019_Windows_Desktop,max,60,28,4,IsDynamicLibrary,14,0.7622377622377622,0.04667033571821684,0.7155674265195453,0.21093177921348355,3.3924114956201374,elevated,binary_mean,agglomerative,k,28,ward
per_dataset,Magnet_CTF_2019_Windows_Desktop,max,60,28,4,is_from_system32,15,0.6503496503496503,0.034287286736378646,0.6160623636132717,0.18196611966142487,3.3855881023548045,elevated,binary_mean,agglomerative,k,28,ward
per_dataset,Magnet_CTF_2019_Windows_Desktop,max,60,28,5,is_xml_file,1,0.5462962962962963,0.011447440836543754,0.5348488554597526,0.10637855486345725,5.027787845664778,elevated,binary_mean,agglomerative,k,28,ward
per_dataset,Magnet_CTF_2019_Windows_Desktop,max,60,28,5,is_from_system32,2,0.7870370370370371,0.034287286736378646,0.7527497503006585,0.18196611966142487,4.136757492733739,elevated,binary_mean,agglomerative,k,28,ward
per_dataset,Magnet_CTF_2019_Windows_Desktop,max,60,28,5,contains_inf,3,0.3333333333333333,0.0067143643368189326,0.3266189689965144,0.08166566994993296,3.9994642694061415,elevated,binary_mean,agglomerative,k,28,ward
per_dataset,Magnet_CTF_2019_Windows_Desktop,max,60,28,5,is_in_system32,4,0.75,0.03346175013758943,0.7165382498624105,0.1798389874730142,3.9843318742361817,elevated,binary_mean,agglomerative,k,28,ward
per_dataset,Magnet_CTF_2019_Windows_Desktop,max,60,28,5,key_new_registry_branch,5,0.4537037037037037,0.01375894331315355,0.4399447603905502,0.11648877539084604,3.77671343137828,elevated,binary_mean,agglomerative,k,28,ward
per_dataset,Magnet_CTF_2019_Windows_Desktop,max,60,28,5,mask_Registry_Key,6,0.6944444444444444,0.04166208035222895,0.6527823640922155,0.19981579370248329,3.2669205938494184,elevated,binary_mean,agglomerative,k,28,ward
per_dataset,Magnet_CTF_2019_Windows_Desktop,max,60,28,5,is_in_temp_or_spool,7,0.32407407407407407,0.01023665382498624,0.31383742024908784,0.1006571643920771,3.1178842655232586,elevated,binary_mean,agglomerative,k,28,ward
per_dataset,Magnet_CTF_2019_Windows_Desktop,max,60,28,5,is_executable,8,0.7222222222222222,0.050798018712162905,0.6714242035100593,0.21958501771997482,3.0576957385559598,elevated,binary_mean,agglomerative,k,28,ward
per_dataset,Magnet_CTF_2019_Windows_Desktop,max,60,28,5,IsDynamicLibrary,9,0.6851851851851852,0.04667033571821684,0.6385148494669683,0.21093177921348355,3.0271153146135266,elevated,binary_mean,agglomerative,k,28,ward
per_dataset,Magnet_CTF_2019_Windows_Desktop,max,60,28,5,is_accessed,10,0.9444444444444444,0.1077600440286186,0.8366844004158258,0.3100771145047128,2.6983106275648825,elevated,binary_mean,agglomerative,k,28,ward
per_dataset,Magnet_CTF_2019_Windows_Desktop,max,60,28,5,is_in_winsxs,11,0.6666666666666666,0.05492570170610897,0.6117409649605576,0.22783517945699366,2.68501527976665,elevated,binary_mean,agglomerative,k,28,ward
per_dataset,Magnet_CTF_2019_Windows_Desktop,max,60,28,5,has_macb_accessed,12,0.9722222222222222,0.11948266373142542,0.8527395584907967,0.3243556023858206,2.629026679139019,elevated,binary_mean,agglomerative,k,28,ward
per_dataset,Magnet_CTF_2019_Windows_Desktop,max,60,28,5,is_from_driverstore,13,0.16666666666666666,0.003907539900935608,0.16275912676573104,0.06238806803274329,2.6088177725287474,elevated,binary_mean,agglomerative,k,28,ward
per_dataset,Magnet_CTF_2019_Windows_Desktop,max,60,28,5,contains_vbs,14,0.07407407407407407,0.0008805723720418272,0.07319350170203225,0.029661371585606482,2.467636293029257,elevated,binary_mean,agglomerative,k,28,ward
per_dataset,Magnet_CTF_2019_Windows_Desktop,max,60,28,5,potential_malware,15,0.06481481481481481,0.0007154650522839846,0.06409934976253083,0.026738608079758846,2.3972573889693307,elevated,binary_mean,agglomerative,k,28,ward
per_dataset,Magnet_CTF_2019_Windows_Desktop,max,60,28,6,is_in_winsxs,1,0.7111111111111111,0.05492570170610897,0.6561854094050021,0.22783517945699366,2.880088062642598,elevated,binary_mean,agglomerative,k,28,ward
per_dataset,Magnet_CTF_2019_Windows_Desktop,max,60,28,6,is_accessed,2,0.8888888888888888,0.1077600440286186,0.7811288448602702,0.3100771145047128,2.519143732734138,elevated,binary_mean,agglomerative,k,28,ward
per_dataset,Magnet_CTF_2019_Windows_Desktop,max,60,28,6,has_macb_accessed,3,0.9,0.11948266373142542,0.7805173362685746,0.3243556023858206,2.4063629746605097,elevated,binary_mean,agglomerative,k,28,ward
per_dataset,Magnet_CTF_2019_Windows_Desktop,max,60,28,6,is_executable,4,0.5666666666666667,0.050798018712162905,0.5158686479545037,0.21958501771997482,2.349288807670274,elevated,binary_mean,agglomerative,k,28,ward
per_dataset,Magnet_CTF_2019_Windows_Desktop,max,60,28,6,IsDynamicLibrary,5,0.5333333333333333,0.04667033571821684,0.4866629976151165,0.21093177921348355,2.3072055636078925,elevated,binary_mean,agglomerative,k,28,ward
per_dataset,Magnet_CTF_2019_Windows_Desktop,max,60,28,6,has_sha256,6,1.0,0.17677490368739682,0.8232250963126032,0.3814780951951349,2.15798779825517,elevated,binary_mean,agglomerative,k,28,ward
per_dataset,Magnet_CTF_2019_Windows_Desktop,max,60,28,6,is_file,7,1.0,0.17677490368739682,0.8232250963126032,0.3814780951951349,2.15798779825517,elevated,binary_mean,agglomerative,k,28,ward
per_dataset,Magnet_CTF_2019_Windows_Desktop,max,60,28,6,is_file_entry,8,1.0,0.17677490368739682,0.8232250963126032,0.3814780951951349,2.15798779825517,elevated,binary_mean,agglomerative,k,28,ward
per_dataset,Magnet_CTF_2019_Windows_Desktop,max,60,28,6,is_ntfs,9,1.0,0.1782608695652174,0.8217391304347826,0.38273219350750987,2.147034200164081,elevated,binary_mean,agglomerative,k,28,ward
per_dataset,Magnet_CTF_2019_Windows_Desktop,max,60,28,6,mask_File_stat,10,1.0,0.1782608695652174,0.8217391304347826,0.38273219350750987,2.147034200164081,elevated,binary_mean,agglomerative,k,28,ward
per_dataset,Magnet_CTF_2019_Windows_Desktop,max,60,28,6,is_standard_info,11,1.0,0.18381948266373144,0.8161805173362686,0.3873369082039169,2.107159113881789,elevated,binary_mean,agglomerative,k,28,ward
per_dataset,Magnet_CTF_2019_Windows_Desktop,max,60,28,6,mask_NTFS_file_stat,12,1.0,0.18591084204733077,0.8140891579526692,0.38903470392316314,2.0925874448146473,elevated,binary_mean,agglomerative,k,28,ward
per_dataset,Magnet_CTF_2019_Windows_Desktop,max,60,28,6,is_in_system32,13,0.3333333333333333,0.03346175013758943,0.29987158319574386,0.1798389874730142,1.6674447000336576,elevated,binary_mean,agglomerative,k,28,ward
per_dataset,Magnet_CTF_2019_Windows_Desktop,max,60,28,6,is_from_system32,14,0.3333333333333333,0.034287286736378646,0.29904604659695466,0.18196611966142487,1.6434159871036136,elevated,binary_mean,agglomerative,k,28,ward
per_dataset,Magnet_CTF_2019_Windows_Desktop,max,60,28,6,key_contains_run,15,0.022222222222222223,0.0002201430930104568,0.022002079129211767,0.014835586608862375,1.4830599475904012,elevated,binary_mean,agglomerative,k,28,ward
per_dataset,Magnet_CTF_2019_Windows_Desktop,max,60,28,7,is_system_process,1,0.7702702702702703,0.007429829389102917,0.7628404408811673,0.08587564861095222,8.883081110761669,elevated,binary_mean,agglomerative,k,28,ward
per_dataset,Magnet_CTF_2019_Windows_Desktop,max,60,28,7,is_night_execution,2,0.5405405405405406,0.003852504127682994,0.5366880364128576,0.06194886875181159,8.66340194086504,elevated,binary_mean,agglomerative,k,28,ward
per_dataset,Magnet_CTF_2019_Windows_Desktop,max,60,28,7,is_run_often,3,0.9864864864864865,0.013703907539900936,0.9727825789465856,0.11625880808798437,8.36738748032331,elevated,binary_mean,agglomerative,k,28,ward
per_dataset,Magnet_CTF_2019_Windows_Desktop,max,60,28,7,mask_WinPrefetch,4,1.0,0.015960374243258118,0.9840396257567419,0.1253221476726012,7.852080143141994,elevated,binary_mean,agglomerative,k,28,ward
per_dataset,Magnet_CTF_2019_Windows_Desktop,max,60,28,7,is_frequent_execution,5,0.7297297297297297,0.008640616400660429,0.7210891133290693,0.09255245079886901,7.791139285816603,elevated,binary_mean,agglomerative,k,28,ward
per_dataset,Magnet_CTF_2019_Windows_Desktop,max,60,28,7,is_policy_change,6,0.5540540540540541,0.02570170610897083,0.5283523479450832,0.15824388901963612,3.338848140233964,elevated,binary_mean,agglomerative,k,28,ward
per_dataset,Magnet_CTF_2019_Windows_Desktop,max,60,28,7,is_admin_activity,7,0.47297297297297297,0.024215740231150248,0.4487572327418227,0.15371837286481957,2.9193465633610085,elevated,binary_mean,agglomerative,k,28,ward
per_dataset,Magnet_CTF_2019_Windows_Desktop,max,60,28,7,is_login_event,8,0.7702702702702703,0.06719867914144194,0.7030715911288283,0.250365765756997,2.8081777112029243,elevated,binary_mean,agglomerative,k,28,ward
per_dataset,Magnet_CTF_2019_Windows_Desktop,max,60,28,7,has_macb_accessed,9,0.9864864864864865,0.11948266373142542,0.867003822755061,0.3243556023858206,2.673003918069286,elevated,binary_mean,agglomerative,k,28,ward
per_dataset,Magnet_CTF_2019_Windows_Desktop,max,60,28,7,is_privilege_change,10,0.7702702702702703,0.08536048431480463,0.6849097859554657,0.27941737961756535,2.451206730164118,elevated,binary_mean,agglomerative,k,28,ward
per_dataset,Magnet_CTF_2019_Windows_Desktop,max,60,28,7,is_accessed,11,0.8378378378378378,0.1077600440286186,0.7300777938092192,0.3100771145047128,2.3545038834302106,elevated,binary_mean,agglomerative,k,28,ward
per_dataset,Magnet_CTF_2019_Windows_Desktop,max,60,28,7,contains_cab,12,0.10810810810810811,0.0020913593835993395,0.10601674872450878,0.045683537511098785,2.320676797237607,elevated,binary_mean,agglomerative,k,28,ward
per_dataset,Magnet_CTF_2019_Windows_Desktop,max,60,28,7,is_log_recovered,13,0.3918918918918919,0.026582278481012658,0.36530961341087925,0.16085913387734793,2.2709906605584136,elevated,binary_mean,agglomerative,k,28,ward
per_dataset,Magnet_CTF_2019_Windows_Desktop,max,60,28,7,is_from_system32,14,0.43243243243243246,0.034287286736378646,0.3981451456960538,0.18196611966142487,2.1880178824315397,elevated,binary_mean,agglomerative,k,28,ward
per_dataset,Magnet_CTF_2019_Windows_Desktop,max,60,28,7,is_ntfs,15,1.0,0.1782608695652174,0.8217391304347826,0.38273219350750987,2.147034200164081,elevated,binary_mean,agglomerative,k,28,ward
per_dataset,Magnet_CTF_2019_Windows_Desktop,max,60,28,8,IsUserHive,1,0.40298507462686567,0.010566868464501927,0.3924182061623637,0.10225072007255422,3.837803464913306,elevated,binary_mean,agglomerative,k,28,ward
per_dataset,Magnet_CTF_2019_Windows_Desktop,max,60,28,8,is_in_appdata,2,0.9850746268656716,0.08937809576224547,0.8956965311034262,0.2852887164963948,3.139614180004218,elevated,binary_mean,agglomerative,k,28,ward
per_dataset,Magnet_CTF_2019_Windows_Desktop,max,60,28,8,is_from_users_dir,3,0.9850746268656716,0.09389102916895982,0.8911835976967117,0.2916770539664602,3.0553777029214353,elevated,binary_mean,agglomerative,k,28,ward
per_dataset,Magnet_CTF_2019_Windows_Desktop,max,60,28,8,key_new_registry_branch,4,0.3582089552238806,0.01375894331315355,0.34445001191072705,0.11648877539084604,2.956937105619394,elevated,binary_mean,agglomerative,k,28,ward
per_dataset,Magnet_CTF_2019_Windows_Desktop,max,60,28,8,mask_Registry_Key,5,0.6268656716417911,0.04166208035222895,0.5852035912895621,0.19981579370248329,2.92871524897452,elevated,binary_mean,agglomerative,k,28,ward
per_dataset,Magnet_CTF_2019_Windows_Desktop,max,60,28,8,is_login_event,6,0.7761194029850746,0.06719867914144194,0.7089207238436327,0.250365765756997,2.8315400605380883,elevated,binary_mean,agglomerative,k,28,ward
per_dataset,Magnet_CTF_2019_Windows_Desktop,max,60,28,8,has_macb_accessed,7,1.0,0.11948266373142542,0.8805173362685745,0.3243556023858206,2.714666565476907,elevated,binary_mean,agglomerative,k,28,ward
per_dataset,Magnet_CTF_2019_Windows_Desktop,max,60,28,8,is_accessed,8,0.9104477611940298,0.1077600440286186,0.8026877171654112,0.3100771145047128,2.5886711844595016,elevated,binary_mean,agglomerative,k,28,ward
per_dataset,Magnet_CTF_2019_Windows_Desktop,max,60,28,8,is_privilege_change,9,0.7910447761194029,0.08536048431480463,0.7056842918045984,0.27941737961756535,2.5255560964564823,elevated,binary_mean,agglomerative,k,28,ward
per_dataset,Magnet_CTF_2019_Windows_Desktop,max,60,28,8,has_sha256,10,1.0,0.17677490368739682,0.8232250963126032,0.3814780951951349,2.15798779825517,elevated,binary_mean,agglomerative,k,28,ward
per_dataset,Magnet_CTF_2019_Windows_Desktop,max,60,28,8,is_file,11,1.0,0.17677490368739682,0.8232250963126032,0.3814780951951349,2.15798779825517,elevated,binary_mean,agglomerative,k,28,ward
per_dataset,Magnet_CTF_2019_Windows_Desktop,max,60,28,8,is_file_entry,12,1.0,0.17677490368739682,0.8232250963126032,0.3814780951951349,2.15798779825517,elevated,binary_mean,agglomerative,k,28,ward
per_dataset,Magnet_CTF_2019_Windows_Desktop,max,60,28,8,is_ntfs,13,1.0,0.1782608695652174,0.8217391304347826,0.38273219350750987,2.147034200164081,elevated,binary_mean,agglomerative,k,28,ward
per_dataset,Magnet_CTF_2019_Windows_Desktop,max,60,28,8,mask_File_stat,14,1.0,0.1782608695652174,0.8217391304347826,0.38273219350750987,2.147034200164081,elevated,binary_mean,agglomerative,k,28,ward
per_dataset,Magnet_CTF_2019_Windows_Desktop,max,60,28,8,has_modified_flag,15,0.9552238805970149,0.16494221243808477,0.7902816681589302,0.3711283861335784,2.129402321116081,elevated,binary_mean,agglomerative,k,28,ward
per_dataset,Magnet_CTF_2019_Windows_Desktop,max,60,28,9,is_login_event,1,0.9940119760479041,0.06719867914144194,0.9268132969064622,0.250365765756997,3.7018370186747083,elevated,binary_mean,agglomerative,k,28,ward
per_dataset,Magnet_CTF_2019_Windows_Desktop,max,60,28,9,is_privilege_change,2,0.9820359281437125,0.08536048431480463,0.896675443828908,0.27941737961756535,3.209089616992611,elevated,binary_mean,agglomerative,k,28,ward
per_dataset,Magnet_CTF_2019_Windows_Desktop,max,60,28,9,mask_AppCompatCache_Registry_Key,3,0.2754491017964072,0.009521188772702256,0.26592791302370494,0.09711094550593578,2.7383925082216956,elevated,binary_mean,agglomerative,k,28,ward
per_dataset,Magnet_CTF_2019_Windows_Desktop,max,60,28,9,has_macb_accessed,4,0.9640718562874252,0.11948266373142542,0.8445891925559997,0.3243556023858206,2.6038988082973633,elevated,binary_mean,agglomerative,k,28,ward
per_dataset,Magnet_CTF_2019_Windows_Desktop,max,60,28,9,has_sha256,5,1.0,0.17677490368739682,0.8232250963126032,0.3814780951951349,2.15798779825517,elevated,binary_mean,agglomerative,k,28,ward
per_dataset,Magnet_CTF_2019_Windows_Desktop,max,60,28,9,is_file,6,1.0,0.17677490368739682,0.8232250963126032,0.3814780951951349,2.15798779825517,elevated,binary_mean,agglomerative,k,28,ward
per_dataset,Magnet_CTF_2019_Windows_Desktop,max,60,28,9,is_file_entry,7,1.0,0.17677490368739682,0.8232250963126032,0.3814780951951349,2.15798779825517,elevated,binary_mean,agglomerative,k,28,ward
per_dataset,Magnet_CTF_2019_Windows_Desktop,max,60,28,9,is_ntfs,8,1.0,0.1782608695652174,0.8217391304347826,0.38273219350750987,2.147034200164081,elevated,binary_mean,agglomerative,k,28,ward
per_dataset,Magnet_CTF_2019_Windows_Desktop,max,60,28,9,mask_File_stat,9,1.0,0.1782608695652174,0.8217391304347826,0.38273219350750987,2.147034200164081,elevated,binary_mean,agglomerative,k,28,ward
per_dataset,Magnet_CTF_2019_Windows_Desktop,max,60,28,9,is_standard_info,10,1.0,0.18381948266373144,0.8161805173362686,0.3873369082039169,2.107159113881789,elevated,binary_mean,agglomerative,k,28,ward
per_dataset,Magnet_CTF_2019_Windows_Desktop,max,60,28,9,mask_NTFS_file_stat,11,1.0,0.18591084204733077,0.8140891579526692,0.38903470392316314,2.0925874448146473,elevated,binary_mean,agglomerative,k,28,ward
per_dataset,Magnet_CTF_2019_Windows_Desktop,max,60,28,9,is_filename_attr,12,0.9401197604790419,0.16609796367638965,0.7740217968026523,0.3721685507118333,2.0797613729709163,elevated,binary_mean,agglomerative,k,28,ward
per_dataset,Magnet_CTF_2019_Windows_Desktop,max,60,28,9,has_macb_modified,13,0.9281437125748503,0.17572922399559715,0.7524144885792532,0.38058962653953454,1.976970511915383,elevated,binary_mean,agglomerative,k,28,ward
per_dataset,Magnet_CTF_2019_Windows_Desktop,max,60,28,9,is_accessed,14,0.6946107784431138,0.1077600440286186,0.5868507344144952,0.3100771145047128,1.892596028655367,elevated,binary_mean,agglomerative,k,28,ward
per_dataset,Magnet_CTF_2019_Windows_Desktop,max,60,28,9,is_policy_change,15,0.2694610778443114,0.02570170610897083,0.24375937173534057,0.15824388901963612,1.5404029681112257,elevated,binary_mean,agglomerative,k,28,ward
per_dataset,Magnet_CTF_2019_Windows_Desktop,max,60,28,10,has_transition_type,1,1.0,0.026582278481012658,0.9734177215189873,0.16085913387734793,6.0513670411002565,elevated,binary_mean,agglomerative,k,28,ward
per_dataset,Magnet_CTF_2019_Windows_Desktop,max,60,28,10,is_https,2,1.0,0.02663731425426527,0.9733626857457347,0.1610210164655061,6.044941503054251,elevated,binary_mean,agglomerative,k,28,ward
per_dataset,Magnet_CTF_2019_Windows_Desktop,max,60,28,10,mask_Chrome_History,3,1.0,0.02663731425426527,0.9733626857457347,0.1610210164655061,6.044941503054251,elevated,binary_mean,agglomerative,k,28,ward
per_dataset,Magnet_CTF_2019_Windows_Desktop,max,60,28,10,is_in_appdata,4,1.0,0.08937809576224547,0.9106219042377546,0.2852887164963948,3.191930909507082,elevated,binary_mean,agglomerative,k,28,ward
per_dataset,Magnet_CTF_2019_Windows_Desktop,max,60,28,10,is_from_users_dir,5,1.0,0.09389102916895982,0.9061089708310401,0.2916770539664602,3.1065485866767815,elevated,binary_mean,agglomerative,k,28,ward
per_dataset,Magnet_CTF_2019_Windows_Desktop,max,60,28,10,is_accessed,6,0.9803921568627451,0.1077600440286186,0.8726321128341264,0.3100771145047128,2.8142421477494817,elevated,binary_mean,agglomerative,k,28,ward
per_dataset,Magnet_CTF_2019_Windows_Desktop,max,60,28,10,is_night_access,7,0.20588235294117646,0.005173362685745734,0.20070899025543074,0.07173980069854856,2.7977351529238352,elevated,binary_mean,agglomerative,k,28,ward
per_dataset,Magnet_CTF_2019_Windows_Desktop,max,60,28,10,has_macb_accessed,8,1.0,0.11948266373142542,0.8805173362685745,0.3243556023858206,2.714666565476907,elevated,binary_mean,agglomerative,k,28,ward
per_dataset,Magnet_CTF_2019_Windows_Desktop,max,60,28,10,is_suspicious_domain,9,1.0,0.15663181067694001,0.84336818932306,0.3634532797499607,2.32043074889557,elevated,binary_mean,agglomerative,k,28,ward
per_dataset,Magnet_CTF_2019_Windows_Desktop,max,60,28,10,mask_Chrome_Cache,10,1.0,0.15663181067694001,0.84336818932306,0.3634532797499607,2.32043074889557,elevated,binary_mean,agglomerative,k,28,ward
per_dataset,Magnet_CTF_2019_Windows_Desktop,max,60,28,10,is_cdn_usage,11,0.058823529411764705,0.0006604292790313704,0.058163100132733334,0.02569033110333085,2.2640065345489813,elevated,binary_mean,agglomerative,k,28,ward
per_dataset,Magnet_CTF_2019_Windows_Desktop,max,60,28,10,is_filename_attr,12,1.0,0.16609796367638965,0.8339020363236104,0.3721685507118333,2.2406568537886065,elevated,binary_mean,agglomerative,k,28,ward
per_dataset,Magnet_CTF_2019_Windows_Desktop,max,60,28,10,has_modified_flag,13,0.9803921568627451,0.16494221243808477,0.8154499444246603,0.3711283861335784,2.197217871011841,elevated,binary_mean,agglomerative,k,28,ward
per_dataset,Magnet_CTF_2019_Windows_Desktop,max,60,28,10,has_macb_modified,14,1.0,0.17572922399559715,0.8242707760044028,0.38058962653953454,2.165773044949373,elevated,binary_mean,agglomerative,k,28,ward
per_dataset,Magnet_CTF_2019_Windows_Desktop,max,60,28,10,has_sha256,15,1.0,0.17677490368739682,0.8232250963126032,0.3814780951951349,2.15798779825517,elevated,binary_mean,agglomerative,k,28,ward
per_dataset,Magnet_CTF_2019_Windows_Desktop,max,60,28,11,has_transition_type,1,1.0,0.026582278481012658,0.9734177215189873,0.16085913387734793,6.0513670411002565,elevated,binary_mean,agglomerative,k,28,ward
per_dataset,Magnet_CTF_2019_Windows_Desktop,max,60,28,11,is_https,2,1.0,0.02663731425426527,0.9733626857457347,0.1610210164655061,6.044941503054251,elevated,binary_mean,agglomerative,k,28,ward
per_dataset,Magnet_CTF_2019_Windows_Desktop,max,60,28,11,mask_Chrome_History,3,1.0,0.02663731425426527,0.9733626857457347,0.1610210164655061,6.044941503054251,elevated,binary_mean,agglomerative,k,28,ward
per_dataset,Magnet_CTF_2019_Windows_Desktop,max,60,28,11,is_in_appdata,4,1.0,0.08937809576224547,0.9106219042377546,0.2852887164963948,3.191930909507082,elevated,binary_mean,agglomerative,k,28,ward
per_dataset,Magnet_CTF_2019_Windows_Desktop,max,60,28,11,is_from_users_dir,5,1.0,0.09389102916895982,0.9061089708310401,0.2916770539664602,3.1065485866767815,elevated,binary_mean,agglomerative,k,28,ward
per_dataset,Magnet_CTF_2019_Windows_Desktop,max,60,28,11,is_accessed,6,0.9836512261580381,0.1077600440286186,0.8758911821294195,0.3100771145047128,2.8247526596116477,elevated,binary_mean,agglomerative,k,28,ward
per_dataset,Magnet_CTF_2019_Windows_Desktop,max,60,28,11,has_macb_accessed,7,1.0,0.11948266373142542,0.8805173362685745,0.3243556023858206,2.714666565476907,elevated,binary_mean,agglomerative,k,28,ward
per_dataset,Magnet_CTF_2019_Windows_Desktop,max,60,28,11,is_night_access,8,0.18528610354223432,0.005173362685745734,0.1801127408564886,0.07173980069854856,2.5106386412604884,elevated,binary_mean,agglomerative,k,28,ward
per_dataset,Magnet_CTF_2019_Windows_Desktop,max,60,28,11,is_filename_attr,9,1.0,0.16609796367638965,0.8339020363236104,0.3721685507118333,2.2406568537886065,elevated,binary_mean,agglomerative,k,28,ward
per_dataset,Magnet_CTF_2019_Windows_Desktop,max,60,28,11,has_modified_flag,10,0.9836512261580381,0.16494221243808477,0.8187090137199533,0.3711283861335784,2.205999385251242,elevated,binary_mean,agglomerative,k,28,ward
per_dataset,Magnet_CTF_2019_Windows_Desktop,max,60,28,11,has_macb_modified,11,1.0,0.17572922399559715,0.8242707760044028,0.38058962653953454,2.165773044949373,elevated,binary_mean,agglomerative,k,28,ward
per_dataset,Magnet_CTF_2019_Windows_Desktop,max,60,28,11,has_sha256,12,1.0,0.17677490368739682,0.8232250963126032,0.3814780951951349,2.15798779825517,elevated,binary_mean,agglomerative,k,28,ward
per_dataset,Magnet_CTF_2019_Windows_Desktop,max,60,28,11,is_file,13,1.0,0.17677490368739682,0.8232250963126032,0.3814780951951349,2.15798779825517,elevated,binary_mean,agglomerative,k,28,ward
per_dataset,Magnet_CTF_2019_Windows_Desktop,max,60,28,11,is_file_entry,14,1.0,0.17677490368739682,0.8232250963126032,0.3814780951951349,2.15798779825517,elevated,binary_mean,agglomerative,k,28,ward
per_dataset,Magnet_CTF_2019_Windows_Desktop,max,60,28,11,is_ntfs,15,1.0,0.1782608695652174,0.8217391304347826,0.38273219350750987,2.147034200164081,elevated,binary_mean,agglomerative,k,28,ward
per_dataset,Magnet_CTF_2019_Windows_Desktop,max,60,28,12,is_in_appdata,1,0.9977272727272727,0.08937809576224547,0.9083491769650273,0.2852887164963948,3.1839644984236912,elevated,binary_mean,agglomerative,k,28,ward
per_dataset,Magnet_CTF_2019_Windows_Desktop,max,60,28,12,is_from_users_dir,2,0.9977272727272727,0.09389102916895982,0.9038362435583128,0.2916770539664602,3.0987566566503992,elevated,binary_mean,agglomerative,k,28,ward
per_dataset,Magnet_CTF_2019_Windows_Desktop,max,60,28,12,is_accessed,3,0.9681818181818181,0.1077600440286186,0.8604217741531995,0.3100771145047128,2.7748637553562006,elevated,binary_mean,agglomerative,k,28,ward
per_dataset,Magnet_CTF_2019_Windows_Desktop,max,60,28,12,has_macb_accessed,4,0.9863636363636363,0.11948266373142542,0.8668809726322109,0.3243556023858206,2.6726251667292162,elevated,binary_mean,agglomerative,k,28,ward
per_dataset,Magnet_CTF_2019_Windows_Desktop,max,60,28,12,is_suspicious_domain,5,0.9977272727272727,0.15663181067694001,0.8410954620503327,0.3634532797499607,2.3141776007281925,elevated,binary_mean,agglomerative,k,28,ward
per_dataset,Magnet_CTF_2019_Windows_Desktop,max,60,28,12,mask_Chrome_Cache,6,0.9977272727272727,0.15663181067694001,0.8410954620503327,0.3634532797499607,2.3141776007281925,elevated,binary_mean,agglomerative,k,28,ward
per_dataset,Magnet_CTF_2019_Windows_Desktop,max,60,28,12,has_modified_flag,7,0.9863636363636363,0.16494221243808477,0.8214214239255515,0.3711283861335784,2.2133079346208295,elevated,binary_mean,agglomerative,k,28,ward
per_dataset,Magnet_CTF_2019_Windows_Desktop,max,60,28,12,has_macb_modified,8,1.0,0.17572922399559715,0.8242707760044028,0.38058962653953454,2.165773044949373,elevated,binary_mean,agglomerative,k,28,ward
per_dataset,Magnet_CTF_2019_Windows_Desktop,max,60,28,12,has_sha256,9,1.0,0.17677490368739682,0.8232250963126032,0.3814780951951349,2.15798779825517,elevated,binary_mean,agglomerative,k,28,ward
per_dataset,Magnet_CTF_2019_Windows_Desktop,max,60,28,12,is_file,10,1.0,0.17677490368739682,0.8232250963126032,0.3814780951951349,2.15798779825517,elevated,binary_mean,agglomerative,k,28,ward
per_dataset,Magnet_CTF_2019_Windows_Desktop,max,60,28,12,is_file_entry,11,1.0,0.17677490368739682,0.8232250963126032,0.3814780951951349,2.15798779825517,elevated,binary_mean,agglomerative,k,28,ward
per_dataset,Magnet_CTF_2019_Windows_Desktop,max,60,28,12,is_ntfs,12,1.0,0.1782608695652174,0.8217391304347826,0.38273219350750987,2.147034200164081,elevated,binary_mean,agglomerative,k,28,ward
per_dataset,Magnet_CTF_2019_Windows_Desktop,max,60,28,12,mask_File_stat,13,1.0,0.1782608695652174,0.8217391304347826,0.38273219350750987,2.147034200164081,elevated,binary_mean,agglomerative,k,28,ward
per_dataset,Magnet_CTF_2019_Windows_Desktop,max,60,28,12,is_filename_attr,14,0.9545454545454546,0.16609796367638965,0.788447490869065,0.3721685507118333,2.1185225569860875,elevated,binary_mean,agglomerative,k,28,ward
per_dataset,Magnet_CTF_2019_Windows_Desktop,max,60,28,12,is_standard_info,15,1.0,0.18381948266373144,0.8161805173362686,0.3873369082039169,2.107159113881789,elevated,binary_mean,agglomerative,k,28,ward
per_dataset,Magnet_CTF_2019_Windows_Desktop,max,60,28,13,has_macb_accessed,1,0.9880952380952381,0.11948266373142542,0.8686125743638127,0.3243556023858206,2.6779637570463835,elevated,binary_mean,agglomerative,k,28,ward
per_dataset,Magnet_CTF_2019_Windows_Desktop,max,60,28,13,is_accessed,2,0.9047619047619048,0.1077600440286186,0.7970018607332862,0.3100771145047128,2.5703342741143507,elevated,binary_mean,agglomerative,k,28,ward
per_dataset,Magnet_CTF_2019_Windows_Desktop,max,60,28,13,mask_AppCompatCache_Registry_Key,3,0.22023809523809523,0.009521188772702256,0.21071690646539298,0.09711094550593578,2.1698572047570184,elevated,binary_mean,agglomerative,k,28,ward
per_dataset,Magnet_CTF_2019_Windows_Desktop,max,60,28,13,has_macb_modified,4,1.0,0.17572922399559715,0.8242707760044028,0.38058962653953454,2.165773044949373,elevated,binary_mean,agglomerative,k,28,ward
per_dataset,Magnet_CTF_2019_Windows_Desktop,max,60,28,13,has_sha256,5,1.0,0.17677490368739682,0.8232250963126032,0.3814780951951349,2.15798779825517,elevated,binary_mean,agglomerative,k,28,ward
per_dataset,Magnet_CTF_2019_Windows_Desktop,max,60,28,13,is_file,6,1.0,0.17677490368739682,0.8232250963126032,0.3814780951951349,2.15798779825517,elevated,binary_mean,agglomerative,k,28,ward
per_dataset,Magnet_CTF_2019_Windows_Desktop,max,60,28,13,is_file_entry,7,1.0,0.17677490368739682,0.8232250963126032,0.3814780951951349,2.15798779825517,elevated,binary_mean,agglomerative,k,28,ward
per_dataset,Magnet_CTF_2019_Windows_Desktop,max,60,28,13,is_ntfs,8,1.0,0.1782608695652174,0.8217391304347826,0.38273219350750987,2.147034200164081,elevated,binary_mean,agglomerative,k,28,ward
per_dataset,Magnet_CTF_2019_Windows_Desktop,max,60,28,13,mask_File_stat,9,1.0,0.1782608695652174,0.8217391304347826,0.38273219350750987,2.147034200164081,elevated,binary_mean,agglomerative,k,28,ward
per_dataset,Magnet_CTF_2019_Windows_Desktop,max,60,28,13,has_modified_flag,10,0.9583333333333334,0.16494221243808477,0.7933911208952487,0.3711283861335784,2.1377806957398304,elevated,binary_mean,agglomerative,k,28,ward
per_dataset,Magnet_CTF_2019_Windows_Desktop,max,60,28,13,is_standard_info,11,1.0,0.18381948266373144,0.8161805173362686,0.3873369082039169,2.107159113881789,elevated,binary_mean,agglomerative,k,28,ward
per_dataset,Magnet_CTF_2019_Windows_Desktop,max,60,28,13,mask_NTFS_file_stat,12,1.0,0.18591084204733077,0.8140891579526692,0.38903470392316314,2.0925874448146473,elevated,binary_mean,agglomerative,k,28,ward
per_dataset,Magnet_CTF_2019_Windows_Desktop,max,60,28,13,is_filename_attr,13,0.6190476190476191,0.16609796367638965,0.45294965537122944,0.3721685507118333,1.217055128205588,elevated,binary_mean,agglomerative,k,28,ward
per_dataset,Magnet_CTF_2019_Windows_Desktop,max,60,28,13,is_xml_file,14,0.10119047619047619,0.011447440836543754,0.08974303535393244,0.10637855486345725,0.8436195343406124,elevated,binary_mean,agglomerative,k,28,ward
per_dataset,Magnet_CTF_2019_Windows_Desktop,max,60,28,13,is_policy_change,15,0.125,0.02570170610897083,0.09929829389102918,0.15824388901963612,0.6275015625007285,elevated,binary_mean,agglomerative,k,28,ward
per_dataset,Magnet_CTF_2019_Windows_Desktop,max,60,28,14,is_in_appdata,1,0.9550827423167849,0.08937809576224547,0.8657046465545395,0.2852887164963948,3.034486000152128,elevated,binary_mean,agglomerative,k,28,ward
per_dataset,Magnet_CTF_2019_Windows_Desktop,max,60,28,14,is_from_users_dir,2,0.950354609929078,0.09389102916895982,0.8564635807601182,0.2916770539664602,2.9363418882281485,elevated,binary_mean,agglomerative,k,28,ward
per_dataset,Magnet_CTF_2019_Windows_Desktop,max,60,28,14,has_macb_accessed,3,0.8321513002364066,0.11948266373142542,0.7126686365049811,0.3243556023858206,2.197182996967115,elevated,binary_mean,agglomerative,k,28,ward
per_dataset,Magnet_CTF_2019_Windows_Desktop,max,60,28,14,has_sha256,4,1.0,0.17677490368739682,0.8232250963126032,0.3814780951951349,2.15798779825517,elevated,binary_mean,agglomerative,k,28,ward
per_dataset,Magnet_CTF_2019_Windows_Desktop,max,60,28,14,is_file,5,1.0,0.17677490368739682,0.8232250963126032,0.3814780951951349,2.15798779825517,elevated,binary_mean,agglomerative,k,28,ward
per_dataset,Magnet_CTF_2019_Windows_Desktop,max,60,28,14,is_file_entry,6,1.0,0.17677490368739682,0.8232250963126032,0.3814780951951349,2.15798779825517,elevated,binary_mean,agglomerative,k,28,ward
per_dataset,Magnet_CTF_2019_Windows_Desktop,max,60,28,14,is_ntfs,7,1.0,0.1782608695652174,0.8217391304347826,0.38273219350750987,2.147034200164081,elevated,binary_mean,agglomerative,k,28,ward
per_dataset,Magnet_CTF_2019_Windows_Desktop,max,60,28,14,mask_File_stat,8,1.0,0.1782608695652174,0.8217391304347826,0.38273219350750987,2.147034200164081,elevated,binary_mean,agglomerative,k,28,ward
per_dataset,Magnet_CTF_2019_Windows_Desktop,max,60,28,14,is_standard_info,9,1.0,0.18381948266373144,0.8161805173362686,0.3873369082039169,2.107159113881789,elevated,binary_mean,agglomerative,k,28,ward
per_dataset,Magnet_CTF_2019_Windows_Desktop,max,60,28,14,mask_NTFS_file_stat,10,1.0,0.18591084204733077,0.8140891579526692,0.38903470392316314,2.0925874448146473,elevated,binary_mean,agglomerative,k,28,ward
per_dataset,Magnet_CTF_2019_Windows_Desktop,max,60,28,14,is_accessed,11,0.7423167848699763,0.1077600440286186,0.6345567408413577,0.3100771145047128,2.0464480953083437,elevated,binary_mean,agglomerative,k,28,ward
per_dataset,Magnet_CTF_2019_Windows_Desktop,max,60,28,14,has_macb_modified,12,0.9527186761229315,0.17572922399559715,0.7769894521273344,0.38058962653953454,2.0415412757741316,elevated,binary_mean,agglomerative,k,28,ward
per_dataset,Magnet_CTF_2019_Windows_Desktop,max,60,28,14,has_modified_flag,13,0.9219858156028369,0.16494221243808477,0.757043603164752,0.3711283861335784,2.039842844286895,elevated,binary_mean,agglomerative,k,28,ward
per_dataset,Magnet_CTF_2019_Windows_Desktop,max,60,28,14,is_filename_attr,14,0.6950354609929078,0.16609796367638965,0.5289374973165182,0.3721685507118333,1.421231004319222,elevated,binary_mean,agglomerative,k,28,ward
per_dataset,Magnet_CTF_2019_Windows_Desktop,max,60,28,14,mask_File_entry_shell_item,15,0.026004728132387706,0.002586681342872867,0.02341804678951484,0.05079360611832261,0.4610431109091154,elevated,binary_mean,agglomerative,k,28,ward
per_dataset,Magnet_CTF_2019_Windows_Desktop,max,60,28,15,is_suspicious_domain,1,1.0,0.15663181067694001,0.84336818932306,0.3634532797499607,2.32043074889557,elevated,binary_mean,agglomerative,k,28,ward
per_dataset,Magnet_CTF_2019_Windows_Desktop,max,60,28,15,mask_Chrome_Cache,2,1.0,0.15663181067694001,0.84336818932306,0.3634532797499607,2.32043074889557,elevated,binary_mean,agglomerative,k,28,ward
per_dataset,Magnet_CTF_2019_Windows_Desktop,max,60,28,15,mask_WinEVTX,3,0.0,0.6248761695101817,-0.6248761695101817,0.48415487427936155,-1.2906534454160803,suppressed,binary_mean,agglomerative,k,28,ward
per_dataset,Magnet_CTF_2019_Windows_Desktop,max,60,28,15,mask_NTFS_file_stat,4,0.0,0.18591084204733077,-0.18591084204733077,0.38903470392316314,-0.4778772572055083,suppressed,binary_mean,agglomerative,k,28,ward
per_dataset,Magnet_CTF_2019_Windows_Desktop,max,60,28,15,is_standard_info,5,0.0,0.18381948266373144,-0.18381948266373144,0.3873369082039169,-0.47457258532469154,suppressed,binary_mean,agglomerative,k,28,ward
per_dataset,Magnet_CTF_2019_Windows_Desktop,max,60,28,15,is_ntfs,6,0.0,0.1782608695652174,-0.1782608695652174,0.38273219350750987,-0.465758741834536,suppressed,binary_mean,agglomerative,k,28,ward
per_dataset,Magnet_CTF_2019_Windows_Desktop,max,60,28,15,mask_File_stat,7,0.0,0.1782608695652174,-0.1782608695652174,0.38273219350750987,-0.465758741834536,suppressed,binary_mean,agglomerative,k,28,ward
per_dataset,Magnet_CTF_2019_Windows_Desktop,max,60,28,15,has_sha256,8,0.0,0.17677490368739682,-0.17677490368739682,0.3814780951951349,-0.46339462548439664,suppressed,binary_mean,agglomerative,k,28,ward
per_dataset,Magnet_CTF_2019_Windows_Desktop,max,60,28,15,is_file,9,0.0,0.17677490368739682,-0.17677490368739682,0.3814780951951349,-0.46339462548439664,suppressed,binary_mean,agglomerative,k,28,ward
per_dataset,Magnet_CTF_2019_Windows_Desktop,max,60,28,15,is_file_entry,10,0.0,0.17677490368739682,-0.17677490368739682,0.3814780951951349,-0.46339462548439664,suppressed,binary_mean,agglomerative,k,28,ward
per_dataset,Magnet_CTF_2019_Windows_Desktop,max,60,28,15,has_macb_modified,11,0.0,0.17572922399559715,-0.17572922399559715,0.38058962653953454,-0.4617288731069873,suppressed,binary_mean,agglomerative,k,28,ward
per_dataset,Magnet_CTF_2019_Windows_Desktop,max,60,28,15,is_filename_attr,12,0.0,0.16609796367638965,-0.16609796367638965,0.3721685507118333,-0.4462976758668172,suppressed,binary_mean,agglomerative,k,28,ward
per_dataset,Magnet_CTF_2019_Windows_Desktop,max,60,28,15,has_modified_flag,13,0.0,0.16494221243808477,-0.16494221243808477,0.3711283861335784,-0.4444343632997512,suppressed,binary_mean,agglomerative,k,28,ward
per_dataset,Magnet_CTF_2019_Windows_Desktop,max,60,28,15,has_macb_accessed,14,0.0,0.11948266373142542,-0.11948266373142542,0.3243556023858206,-0.3683693426870658,suppressed,binary_mean,agglomerative,k,28,ward
per_dataset,Magnet_CTF_2019_Windows_Desktop,max,60,28,15,is_accessed,15,0.0,0.1077600440286186,-0.1077600440286186,0.3100771145047128,-0.34752658455777435,suppressed,binary_mean,agglomerative,k,28,ward
per_dataset,Magnet_CTF_2019_Windows_Desktop,max,60,28,16,is_suspicious_domain,1,1.0,0.15663181067694001,0.84336818932306,0.3634532797499607,2.32043074889557,elevated,binary_mean,agglomerative,k,28,ward
per_dataset,Magnet_CTF_2019_Windows_Desktop,max,60,28,16,mask_Chrome_Cache,2,1.0,0.15663181067694001,0.84336818932306,0.3634532797499607,2.32043074889557,elevated,binary_mean,agglomerative,k,28,ward
per_dataset,Magnet_CTF_2019_Windows_Desktop,max,60,28,16,is_ntfs_event,3,0.3301158301158301,0.03968079251513484,0.2904350376006953,0.19520816381623401,1.4878221127876867,elevated,binary_mean,agglomerative,k,28,ward
per_dataset,Magnet_CTF_2019_Windows_Desktop,max,60,28,16,mask_WinEVTX,4,0.9980694980694981,0.6248761695101817,0.3731933285593164,0.48415487427936155,0.7708139289244073,elevated,binary_mean,agglomerative,k,28,ward
per_dataset,Magnet_CTF_2019_Windows_Desktop,max,60,28,16,is_user_account_event,5,0.10038610038610038,0.023610346725371493,0.07677575366072889,0.15183180909440297,0.5056631351626815,elevated,binary_mean,agglomerative,k,28,ward
per_dataset,Magnet_CTF_2019_Windows_Desktop,max,60,28,16,mask_NTFS_file_stat,6,0.0019305019305019305,0.18591084204733077,-0.18398034011682884,0.38903470392316314,-0.47291497013597134,suppressed,binary_mean,agglomerative,k,28,ward
per_dataset,Magnet_CTF_2019_Windows_Desktop,max,60,28,16,is_standard_info,7,0.0019305019305019305,0.18381948266373144,-0.1818889807332295,0.3873369082039169,-0.46958854729533545,suppressed,binary_mean,agglomerative,k,28,ward
per_dataset,Magnet_CTF_2019_Windows_Desktop,max,60,28,16,is_ntfs,8,0.0,0.1782608695652174,-0.1782608695652174,0.38273219350750987,-0.465758741834536,suppressed,binary_mean,agglomerative,k,28,ward
per_dataset,Magnet_CTF_2019_Windows_Desktop,max,60,28,16,mask_File_stat,9,0.0,0.1782608695652174,-0.1782608695652174,0.38273219350750987,-0.465758741834536,suppressed,binary_mean,agglomerative,k,28,ward
per_dataset,Magnet_CTF_2019_Windows_Desktop,max,60,28,16,has_sha256,10,0.0,0.17677490368739682,-0.17677490368739682,0.3814780951951349,-0.46339462548439664,suppressed,binary_mean,agglomerative,k,28,ward
per_dataset,Magnet_CTF_2019_Windows_Desktop,max,60,28,16,is_file,11,0.0,0.17677490368739682,-0.17677490368739682,0.3814780951951349,-0.46339462548439664,suppressed,binary_mean,agglomerative,k,28,ward
per_dataset,Magnet_CTF_2019_Windows_Desktop,max,60,28,16,is_file_entry,12,0.0,0.17677490368739682,-0.17677490368739682,0.3814780951951349,-0.46339462548439664,suppressed,binary_mean,agglomerative,k,28,ward
per_dataset,Magnet_CTF_2019_Windows_Desktop,max,60,28,16,has_macb_modified,13,0.0,0.17572922399559715,-0.17572922399559715,0.38058962653953454,-0.4617288731069873,suppressed,binary_mean,agglomerative,k,28,ward
per_dataset,Magnet_CTF_2019_Windows_Desktop,max,60,28,16,has_modified_flag,14,0.0,0.16494221243808477,-0.16494221243808477,0.3711283861335784,-0.4444343632997512,suppressed,binary_mean,agglomerative,k,28,ward
per_dataset,Magnet_CTF_2019_Windows_Desktop,max,60,28,16,is_filename_attr,15,0.0019305019305019305,0.16609796367638965,-0.16416746174588773,0.3721685507118333,-0.44111050496014653,suppressed,binary_mean,agglomerative,k,28,ward
per_dataset,Magnet_CTF_2019_Windows_Desktop,max,60,28,17,is_unallocated,1,0.5950920245398773,0.03065492570170611,0.5644370988381712,0.17238097700131816,3.274358203053189,elevated,binary_mean,agglomerative,k,28,ward
per_dataset,Magnet_CTF_2019_Windows_Desktop,max,60,28,17,mask_NTFS_file_stat,2,1.0,0.18591084204733077,0.8140891579526692,0.38903470392316314,2.0925874448146473,elevated,binary_mean,agglomerative,k,28,ward
per_dataset,Magnet_CTF_2019_Windows_Desktop,max,60,28,17,is_filename_attr,3,0.7914110429447853,0.16609796367638965,0.6253130792683956,0.3721685507118333,1.6801878107929966,elevated,binary_mean,agglomerative,k,28,ward
per_dataset,Magnet_CTF_2019_Windows_Desktop,max,60,28,17,is_from_users_dir,4,0.5828220858895705,0.09389102916895982,0.4889310567206107,0.2916770539664602,1.6762752959445335,elevated,binary_mean,agglomerative,k,28,ward
per_dataset,Magnet_CTF_2019_Windows_Desktop,max,60,28,17,is_standard_info,5,0.7668711656441718,0.18381948266373144,0.5830516829804404,0.3873369082039169,1.5052830122262906,elevated,binary_mean,agglomerative,k,28,ward
per_dataset,Magnet_CTF_2019_Windows_Desktop,max,60,28,17,has_macb_modified,6,0.6993865030674846,0.17572922399559715,0.5236572790718874,0.38058962653953454,1.375910505165559,elevated,binary_mean,agglomerative,k,28,ward
per_dataset,Magnet_CTF_2019_Windows_Desktop,max,60,28,17,has_macb_accessed,7,0.5398773006134969,0.11948266373142542,0.4203946368820715,0.3243556023858206,1.2960917611069809,elevated,binary_mean,agglomerative,k,28,ward
per_dataset,Magnet_CTF_2019_Windows_Desktop,max,60,28,17,is_admin_activity,8,0.19631901840490798,0.024215740231150248,0.17210327817375773,0.15371837286481957,1.119601149623763,elevated,binary_mean,agglomerative,k,28,ward
per_dataset,Magnet_CTF_2019_Windows_Desktop,max,60,28,17,has_sha256,9,0.0,0.17677490368739682,-0.17677490368739682,0.3814780951951349,-0.46339462548439664,suppressed,binary_mean,agglomerative,k,28,ward
per_dataset,Magnet_CTF_2019_Windows_Desktop,max,60,28,17,is_file,10,0.0,0.17677490368739682,-0.17677490368739682,0.3814780951951349,-0.46339462548439664,suppressed,binary_mean,agglomerative,k,28,ward
per_dataset,Magnet_CTF_2019_Windows_Desktop,max,60,28,17,is_file_entry,11,0.0,0.17677490368739682,-0.17677490368739682,0.3814780951951349,-0.46339462548439664,suppressed,binary_mean,agglomerative,k,28,ward
per_dataset,Magnet_CTF_2019_Windows_Desktop,max,60,28,17,is_suspicious_domain,12,0.03067484662576687,0.15663181067694001,-0.12595696405117315,0.3634532797499607,-0.34655612592700924,suppressed,binary_mean,agglomerative,k,28,ward
per_dataset,Magnet_CTF_2019_Windows_Desktop,max,60,28,17,mask_Chrome_Cache,13,0.03067484662576687,0.15663181067694001,-0.12595696405117315,0.3634532797499607,-0.34655612592700924,suppressed,binary_mean,agglomerative,k,28,ward
per_dataset,Magnet_CTF_2019_Windows_Desktop,max,60,28,17,is_login_event,14,0.147239263803681,0.06719867914144194,0.08004058466223905,0.250365765756997,0.319694592522605,elevated,binary_mean,agglomerative,k,28,ward
per_dataset,Magnet_CTF_2019_Windows_Desktop,max,60,28,17,mask_System,15,0.006134969325153374,0.00038525041276829937,0.005749718912385075,0.019624015768638214,0.2929938525444603,elevated,binary_mean,agglomerative,k,28,ward
per_dataset,Magnet_CTF_2019_Windows_Desktop,max,60,28,18,mask_Registry_Key,1,0.9896551724137931,0.04166208035222895,0.9479930920615641,0.19981579370248329,4.744334904926155,elevated,binary_mean,agglomerative,k,28,ward
per_dataset,Magnet_CTF_2019_Windows_Desktop,max,60,28,18,IsUserHive,2,0.06206896551724138,0.010566868464501927,0.05150209705273945,0.10225072007255422,0.50368439439205,elevated,binary_mean,agglomerative,k,28,ward
per_dataset,Magnet_CTF_2019_Windows_Desktop,max,60,28,18,mask_NTFS_file_stat,3,0.0,0.18591084204733077,-0.18591084204733077,0.38903470392316314,-0.4778772572055083,suppressed,binary_mean,agglomerative,k,28,ward
per_dataset,Magnet_CTF_2019_Windows_Desktop,max,60,28,18,is_standard_info,4,0.0,0.18381948266373144,-0.18381948266373144,0.3873369082039169,-0.47457258532469154,suppressed,binary_mean,agglomerative,k,28,ward
per_dataset,Magnet_CTF_2019_Windows_Desktop,max,60,28,18,is_ntfs,5,0.0,0.1782608695652174,-0.1782608695652174,0.38273219350750987,-0.465758741834536,suppressed,binary_mean,agglomerative,k,28,ward
per_dataset,Magnet_CTF_2019_Windows_Desktop,max,60,28,18,mask_File_stat,6,0.0,0.1782608695652174,-0.1782608695652174,0.38273219350750987,-0.465758741834536,suppressed,binary_mean,agglomerative,k,28,ward
per_dataset,Magnet_CTF_2019_Windows_Desktop,max,60,28,18,has_sha256,7,0.0,0.17677490368739682,-0.17677490368739682,0.3814780951951349,-0.46339462548439664,suppressed,binary_mean,agglomerative,k,28,ward
per_dataset,Magnet_CTF_2019_Windows_Desktop,max,60,28,18,is_file,8,0.0,0.17677490368739682,-0.17677490368739682,0.3814780951951349,-0.46339462548439664,suppressed,binary_mean,agglomerative,k,28,ward
per_dataset,Magnet_CTF_2019_Windows_Desktop,max,60,28,18,is_file_entry,9,0.0,0.17677490368739682,-0.17677490368739682,0.3814780951951349,-0.46339462548439664,suppressed,binary_mean,agglomerative,k,28,ward
per_dataset,Magnet_CTF_2019_Windows_Desktop,max,60,28,18,has_macb_modified,10,0.0,0.17572922399559715,-0.17572922399559715,0.38058962653953454,-0.4617288731069873,suppressed,binary_mean,agglomerative,k,28,ward
per_dataset,Magnet_CTF_2019_Windows_Desktop,max,60,28,18,IsSystemHive,11,0.03793103448275862,0.005173362685745734,0.03275767179701289,0.07173980069854856,0.4566177618541673,elevated,binary_mean,agglomerative,k,28,ward
per_dataset,Magnet_CTF_2019_Windows_Desktop,max,60,28,18,is_filename_attr,12,0.0,0.16609796367638965,-0.16609796367638965,0.3721685507118333,-0.4462976758668172,suppressed,binary_mean,agglomerative,k,28,ward
per_dataset,Magnet_CTF_2019_Windows_Desktop,max,60,28,18,has_modified_flag,13,0.0,0.16494221243808477,-0.16494221243808477,0.3711283861335784,-0.4444343632997512,suppressed,binary_mean,agglomerative,k,28,ward
per_dataset,Magnet_CTF_2019_Windows_Desktop,max,60,28,18,is_suspicious_domain,14,0.0034482758620689655,0.15663181067694001,-0.15318353481487104,0.3634532797499607,-0.42146690960000477,suppressed,binary_mean,agglomerative,k,28,ward
per_dataset,Magnet_CTF_2019_Windows_Desktop,max,60,28,18,mask_Chrome_Cache,15,0.0034482758620689655,0.15663181067694001,-0.15318353481487104,0.3634532797499607,-0.42146690960000477,suppressed,binary_mean,agglomerative,k,28,ward
per_dataset,Magnet_CTF_2019_Windows_Desktop,max,60,28,19,is_modified_after_access,1,0.8607594936708861,0.004512933406714365,0.8562465602641718,0.06702661291443068,12.774723282079961,elevated,binary_mean,agglomerative,k,28,ward
per_dataset,Magnet_CTF_2019_Windows_Desktop,max,60,28,19,mask_MSIE_WebCache_container_record,2,1.0,0.006659328563566318,0.9933406714364337,0.08133253903972744,12.213322749189008,elevated,binary_mean,agglomerative,k,28,ward
per_dataset,Magnet_CTF_2019_Windows_Desktop,max,60,28,19,is_url_visit,3,0.8860759493670886,0.005558613098514034,0.8805173362685745,0.07434860401470268,11.843090122627563,elevated,binary_mean,agglomerative,k,28,ward
per_dataset,Magnet_CTF_2019_Windows_Desktop,max,60,28,19,access_count_gt_1,4,0.17721518987341772,0.0020363236103467255,0.175178866263071,0.04507967387305137,3.8859825804544497,elevated,binary_mean,agglomerative,k,28,ward
per_dataset,Magnet_CTF_2019_Windows_Desktop,max,60,28,19,accessed_local_file,5,0.0759493670886076,0.0006604292790313704,0.07528893780957623,0.025690331103330855,2.9306320810125293,elevated,binary_mean,agglomerative,k,28,ward
per_dataset,Magnet_CTF_2019_Windows_Desktop,max,60,28,19,accessed_sensitive_file,6,0.05063291139240506,0.0004402861860209136,0.05019262520638415,0.020978377775588676,2.3925873495765186,elevated,binary_mean,agglomerative,k,28,ward
per_dataset,Magnet_CTF_2019_Windows_Desktop,max,60,28,19,contains_secret_path,7,0.05063291139240506,0.0004402861860209136,0.05019262520638415,0.020978377775588676,2.3925873495765186,elevated,binary_mean,agglomerative,k,28,ward
per_dataset,Magnet_CTF_2019_Windows_Desktop,max,60,28,19,is_suspicious_keyword,8,0.05063291139240506,0.0004402861860209136,0.05019262520638415,0.020978377775588676,2.3925873495765186,elevated,binary_mean,agglomerative,k,28,ward
per_dataset,Magnet_CTF_2019_Windows_Desktop,max,60,28,19,mask_WinEVTX,9,0.06329113924050633,0.6248761695101817,-0.5615850302696753,0.48415487427936155,-1.1599284619539971,suppressed,binary_mean,agglomerative,k,28,ward
per_dataset,Magnet_CTF_2019_Windows_Desktop,max,60,28,19,mask_NTFS_file_stat,10,0.0,0.18591084204733077,-0.18591084204733077,0.38903470392316314,-0.4778772572055083,suppressed,binary_mean,agglomerative,k,28,ward
per_dataset,Magnet_CTF_2019_Windows_Desktop,max,60,28,19,is_standard_info,11,0.0,0.18381948266373144,-0.18381948266373144,0.3873369082039169,-0.47457258532469154,suppressed,binary_mean,agglomerative,k,28,ward
per_dataset,Magnet_CTF_2019_Windows_Desktop,max,60,28,19,is_ntfs,12,0.0,0.1782608695652174,-0.1782608695652174,0.38273219350750987,-0.465758741834536,suppressed,binary_mean,agglomerative,k,28,ward
per_dataset,Magnet_CTF_2019_Windows_Desktop,max,60,28,19,mask_File_stat,13,0.0,0.1782608695652174,-0.1782608695652174,0.38273219350750987,-0.465758741834536,suppressed,binary_mean,agglomerative,k,28,ward
per_dataset,Magnet_CTF_2019_Windows_Desktop,max,60,28,19,has_sha256,14,0.0,0.17677490368739682,-0.17677490368739682,0.3814780951951349,-0.46339462548439664,suppressed,binary_mean,agglomerative,k,28,ward
per_dataset,Magnet_CTF_2019_Windows_Desktop,max,60,28,19,is_file,15,0.0,0.17677490368739682,-0.17677490368739682,0.3814780951951349,-0.46339462548439664,suppressed,binary_mean,agglomerative,k,28,ward
per_dataset,Magnet_CTF_2019_Windows_Desktop,max,60,28,20,mask_WinEVTX,1,0.0007015082427218519,0.6248761695101817,-0.6241746612674598,0.48415487427936155,-1.2892045118919127,suppressed,binary_mean,agglomerative,k,28,ward
per_dataset,Magnet_CTF_2019_Windows_Desktop,max,60,28,20,mask_NTFS_file_stat,2,0.0,0.18591084204733077,-0.18591084204733077,0.38903470392316314,-0.4778772572055083,suppressed,binary_mean,agglomerative,k,28,ward
per_dataset,Magnet_CTF_2019_Windows_Desktop,max,60,28,20,is_standard_info,3,0.0,0.18381948266373144,-0.18381948266373144,0.3873369082039169,-0.47457258532469154,suppressed,binary_mean,agglomerative,k,28,ward
per_dataset,Magnet_CTF_2019_Windows_Desktop,max,60,28,20,is_ntfs,4,0.0,0.1782608695652174,-0.1782608695652174,0.38273219350750987,-0.465758741834536,suppressed,binary_mean,agglomerative,k,28,ward
per_dataset,Magnet_CTF_2019_Windows_Desktop,max,60,28,20,mask_File_stat,5,0.0,0.1782608695652174,-0.1782608695652174,0.38273219350750987,-0.465758741834536,suppressed,binary_mean,agglomerative,k,28,ward
per_dataset,Magnet_CTF_2019_Windows_Desktop,max,60,28,20,has_sha256,6,0.0,0.17677490368739682,-0.17677490368739682,0.3814780951951349,-0.46339462548439664,suppressed,binary_mean,agglomerative,k,28,ward
per_dataset,Magnet_CTF_2019_Windows_Desktop,max,60,28,20,is_file,7,0.0,0.17677490368739682,-0.17677490368739682,0.3814780951951349,-0.46339462548439664,suppressed,binary_mean,agglomerative,k,28,ward
per_dataset,Magnet_CTF_2019_Windows_Desktop,max,60,28,20,is_file_entry,8,0.0,0.17677490368739682,-0.17677490368739682,0.3814780951951349,-0.46339462548439664,suppressed,binary_mean,agglomerative,k,28,ward
per_dataset,Magnet_CTF_2019_Windows_Desktop,max,60,28,20,has_macb_modified,9,0.0,0.17572922399559715,-0.17572922399559715,0.38058962653953454,-0.4617288731069873,suppressed,binary_mean,agglomerative,k,28,ward
per_dataset,Magnet_CTF_2019_Windows_Desktop,max,60,28,20,is_filename_attr,10,0.0,0.16609796367638965,-0.16609796367638965,0.3721685507118333,-0.4462976758668172,suppressed,binary_mean,agglomerative,k,28,ward
per_dataset,Magnet_CTF_2019_Windows_Desktop,max,60,28,20,has_modified_flag,11,0.0007015082427218519,0.16494221243808477,-0.1642407041953629,0.3711283861335784,-0.4425441596666415,suppressed,binary_mean,agglomerative,k,28,ward
per_dataset,Magnet_CTF_2019_Windows_Desktop,max,60,28,20,is_suspicious_domain,12,0.001052262364082778,0.15663181067694001,-0.15557954831285722,0.3634532797499607,-0.42805926566214014,suppressed,binary_mean,agglomerative,k,28,ward
per_dataset,Magnet_CTF_2019_Windows_Desktop,max,60,28,20,mask_Chrome_Cache,13,0.001052262364082778,0.15663181067694001,-0.15557954831285722,0.3634532797499607,-0.42805926566214014,suppressed,binary_mean,agglomerative,k,28,ward
per_dataset,Magnet_CTF_2019_Windows_Desktop,max,60,28,20,has_macb_accessed,14,0.0,0.11948266373142542,-0.11948266373142542,0.3243556023858206,-0.3683693426870658,suppressed,binary_mean,agglomerative,k,28,ward
per_dataset,Magnet_CTF_2019_Windows_Desktop,max,60,28,20,is_accessed,15,0.0007015082427218519,0.1077600440286186,-0.10705853578589676,0.3100771145047128,-0.3452642175939348,suppressed,binary_mean,agglomerative,k,28,ward
per_dataset,Magnet_CTF_2019_Windows_Desktop,max,60,28,21,is_login_event,1,0.9771428571428571,0.06719867914144194,0.9099441780014151,0.250365765756997,3.634459123856448,elevated,binary_mean,agglomerative,k,28,ward
per_dataset,Magnet_CTF_2019_Windows_Desktop,max,60,28,21,is_privilege_change,2,0.9971428571428571,0.08536048431480463,0.9117823728280525,0.27941737961756535,3.263155432365882,elevated,binary_mean,agglomerative,k,28,ward
per_dataset,Magnet_CTF_2019_Windows_Desktop,max,60,28,21,is_admin_activity,3,0.14857142857142858,0.024215740231150248,0.12435568834027833,0.15371837286481957,0.8089838444998287,elevated,binary_mean,agglomerative,k,28,ward
per_dataset,Magnet_CTF_2019_Windows_Desktop,max,60,28,21,mask_WinEVTX,4,0.9985714285714286,0.6248761695101817,0.3736952590612469,0.48415487427936155,0.7718506436581181,elevated,binary_mean,agglomerative,k,28,ward
per_dataset,Magnet_CTF_2019_Windows_Desktop,max,60,28,21,mask_NTFS_file_stat,5,0.0,0.18591084204733077,-0.18591084204733077,0.38903470392316314,-0.4778772572055083,suppressed,binary_mean,agglomerative,k,28,ward
per_dataset,Magnet_CTF_2019_Windows_Desktop,max,60,28,21,is_standard_info,6,0.0,0.18381948266373144,-0.18381948266373144,0.3873369082039169,-0.47457258532469154,suppressed,binary_mean,agglomerative,k,28,ward
per_dataset,Magnet_CTF_2019_Windows_Desktop,max,60,28,21,is_ntfs,7,0.0,0.1782608695652174,-0.1782608695652174,0.38273219350750987,-0.465758741834536,suppressed,binary_mean,agglomerative,k,28,ward
per_dataset,Magnet_CTF_2019_Windows_Desktop,max,60,28,21,mask_File_stat,8,0.0,0.1782608695652174,-0.1782608695652174,0.38273219350750987,-0.465758741834536,suppressed,binary_mean,agglomerative,k,28,ward
per_dataset,Magnet_CTF_2019_Windows_Desktop,max,60,28,21,has_sha256,9,0.0,0.17677490368739682,-0.17677490368739682,0.3814780951951349,-0.46339462548439664,suppressed,binary_mean,agglomerative,k,28,ward
per_dataset,Magnet_CTF_2019_Windows_Desktop,max,60,28,21,is_file,10,0.0,0.17677490368739682,-0.17677490368739682,0.3814780951951349,-0.46339462548439664,suppressed,binary_mean,agglomerative,k,28,ward
per_dataset,Magnet_CTF_2019_Windows_Desktop,max,60,28,21,is_file_entry,11,0.0,0.17677490368739682,-0.17677490368739682,0.3814780951951349,-0.46339462548439664,suppressed,binary_mean,agglomerative,k,28,ward
per_dataset,Magnet_CTF_2019_Windows_Desktop,max,60,28,21,has_macb_modified,12,0.0,0.17572922399559715,-0.17572922399559715,0.38058962653953454,-0.4617288731069873,suppressed,binary_mean,agglomerative,k,28,ward
per_dataset,Magnet_CTF_2019_Windows_Desktop,max,60,28,21,is_filename_attr,13,0.0,0.16609796367638965,-0.16609796367638965,0.3721685507118333,-0.4462976758668172,suppressed,binary_mean,agglomerative,k,28,ward
per_dataset,Magnet_CTF_2019_Windows_Desktop,max,60,28,21,has_modified_flag,14,0.0014285714285714286,0.16494221243808477,-0.16351364100951335,0.3711283861335784,-0.44058509861546863,suppressed,binary_mean,agglomerative,k,28,ward
per_dataset,Magnet_CTF_2019_Windows_Desktop,max,60,28,21,is_suspicious_domain,15,0.0,0.15663181067694001,-0.15663181067694001,0.3634532797499607,-0.43095444475050854,suppressed,binary_mean,agglomerative,k,28,ward
per_dataset,Magnet_CTF_2019_Windows_Desktop,max,60,28,22,is_run_often,1,1.0,0.013703907539900936,0.9862960924600991,0.11625880808798437,8.48362394079796,elevated,binary_mean,agglomerative,k,28,ward
per_dataset,Magnet_CTF_2019_Windows_Desktop,max,60,28,22,mask_WinPrefetch,2,1.0,0.015960374243258118,0.9840396257567419,0.1253221476726012,7.852080143141994,elevated,binary_mean,agglomerative,k,28,ward
per_dataset,Magnet_CTF_2019_Windows_Desktop,max,60,28,22,is_frequent_execution,3,0.6666666666666666,0.008640616400660429,0.6580260502660062,0.09255245079886901,7.109762880276084,elevated,binary_mean,agglomerative,k,28,ward
per_dataset,Magnet_CTF_2019_Windows_Desktop,max,60,28,22,is_system_process,4,0.5,0.007429829389102917,0.4925701706108971,0.08587564861095222,5.7358531926074425,elevated,binary_mean,agglomerative,k,28,ward
per_dataset,Magnet_CTF_2019_Windows_Desktop,max,60,28,22,is_night_execution,5,0.16666666666666666,0.003852504127682994,0.16281416253898368,0.06194886875181159,2.6282019274517125,elevated,binary_mean,agglomerative,k,28,ward
per_dataset,Magnet_CTF_2019_Windows_Desktop,max,60,28,22,is_login_event,6,0.5166666666666667,0.06719867914144194,0.44946798752522477,0.250365765756997,1.7952453212354185,elevated,binary_mean,agglomerative,k,28,ward
per_dataset,Magnet_CTF_2019_Windows_Desktop,max,60,28,22,is_privilege_change,7,0.5,0.08536048431480463,0.41463951568519536,0.27941737961756535,1.483943129855685,elevated,binary_mean,agglomerative,k,28,ward
per_dataset,Magnet_CTF_2019_Windows_Desktop,max,60,28,22,is_log_recovered,8,0.18333333333333332,0.026582278481012658,0.15675105485232066,0.16085913387734793,0.9744615759725813,elevated,binary_mean,agglomerative,k,28,ward
per_dataset,Magnet_CTF_2019_Windows_Desktop,max,60,28,22,is_suspicious_app,9,0.03333333333333333,0.001100715465052284,0.03223261786828105,0.03315876792821589,0.9720689326385957,elevated,binary_mean,agglomerative,k,28,ward
per_dataset,Magnet_CTF_2019_Windows_Desktop,max,60,28,22,is_system_util,10,0.03333333333333333,0.0014309301045679693,0.031902403228765364,0.03780056274189327,0.8439661337038118,elevated,binary_mean,agglomerative,k,28,ward
per_dataset,Magnet_CTF_2019_Windows_Desktop,max,60,28,22,is_policy_change,11,0.15,0.02570170610897083,0.12429829389102917,0.15824388901963612,0.7854855363214053,elevated,binary_mean,agglomerative,k,28,ward
per_dataset,Magnet_CTF_2019_Windows_Desktop,max,60,28,22,is_admin_activity,12,0.13333333333333333,0.024215740231150248,0.10911759310218308,0.15371837286481957,0.709853896902763,elevated,binary_mean,agglomerative,k,28,ward
per_dataset,Magnet_CTF_2019_Windows_Desktop,max,60,28,22,is_error_event,13,0.05,0.005833791964777105,0.0441662080352229,0.0761561477235345,0.5799427039840567,elevated,binary_mean,agglomerative,k,28,ward
per_dataset,Magnet_CTF_2019_Windows_Desktop,max,60,28,22,mask_Task_Cache_Registry_Key,14,0.03333333333333333,0.003687396807925151,0.02964593652540818,0.06061187930353302,0.4891109131567714,elevated,binary_mean,agglomerative,k,28,ward
per_dataset,Magnet_CTF_2019_Windows_Desktop,max,60,28,22,mask_NTFS_file_stat,15,0.0,0.18591084204733077,-0.18591084204733077,0.38903470392316314,-0.4778772572055083,suppressed,binary_mean,agglomerative,k,28,ward
per_dataset,Magnet_CTF_2019_Windows_Desktop,max,60,28,23,is_privilege_change,1,0.7724358974358975,0.08536048431480463,0.6870754131210929,0.27941737961756535,2.458957239781974,elevated,binary_mean,agglomerative,k,28,ward
per_dataset,Magnet_CTF_2019_Windows_Desktop,max,60,28,23,is_policy_change,2,0.3814102564102564,0.02570170610897083,0.35570855030128556,0.15824388901963612,2.2478500119435663,elevated,binary_mean,agglomerative,k,28,ward
per_dataset,Magnet_CTF_2019_Windows_Desktop,max,60,28,23,mask_WinEVTX,3,1.0,0.6248761695101817,0.37512383048981834,0.48415487427936155,0.7748012932848337,elevated,binary_mean,agglomerative,k,28,ward
per_dataset,Magnet_CTF_2019_Windows_Desktop,max,60,28,23,mask_NTFS_file_stat,4,0.0,0.18591084204733077,-0.18591084204733077,0.38903470392316314,-0.4778772572055083,suppressed,binary_mean,agglomerative,k,28,ward
per_dataset,Magnet_CTF_2019_Windows_Desktop,max,60,28,23,is_standard_info,5,0.0,0.18381948266373144,-0.18381948266373144,0.3873369082039169,-0.47457258532469154,suppressed,binary_mean,agglomerative,k,28,ward
per_dataset,Magnet_CTF_2019_Windows_Desktop,max,60,28,23,is_ntfs,6,0.0,0.1782608695652174,-0.1782608695652174,0.38273219350750987,-0.465758741834536,suppressed,binary_mean,agglomerative,k,28,ward
per_dataset,Magnet_CTF_2019_Windows_Desktop,max,60,28,23,mask_File_stat,7,0.0,0.1782608695652174,-0.1782608695652174,0.38273219350750987,-0.465758741834536,suppressed,binary_mean,agglomerative,k,28,ward
per_dataset,Magnet_CTF_2019_Windows_Desktop,max,60,28,23,has_sha256,8,0.0,0.17677490368739682,-0.17677490368739682,0.3814780951951349,-0.46339462548439664,suppressed,binary_mean,agglomerative,k,28,ward
per_dataset,Magnet_CTF_2019_Windows_Desktop,max,60,28,23,is_file,9,0.0,0.17677490368739682,-0.17677490368739682,0.3814780951951349,-0.46339462548439664,suppressed,binary_mean,agglomerative,k,28,ward
per_dataset,Magnet_CTF_2019_Windows_Desktop,max,60,28,23,is_file_entry,10,0.0,0.17677490368739682,-0.17677490368739682,0.3814780951951349,-0.46339462548439664,suppressed,binary_mean,agglomerative,k,28,ward
per_dataset,Magnet_CTF_2019_Windows_Desktop,max,60,28,23,has_macb_modified,11,0.0,0.17572922399559715,-0.17572922399559715,0.38058962653953454,-0.4617288731069873,suppressed,binary_mean,agglomerative,k,28,ward
per_dataset,Magnet_CTF_2019_Windows_Desktop,max,60,28,23,is_filename_attr,12,0.0,0.16609796367638965,-0.16609796367638965,0.3721685507118333,-0.4462976758668172,suppressed,binary_mean,agglomerative,k,28,ward
per_dataset,Magnet_CTF_2019_Windows_Desktop,max,60,28,23,has_modified_flag,13,0.0,0.16494221243808477,-0.16494221243808477,0.3711283861335784,-0.4444343632997512,suppressed,binary_mean,agglomerative,k,28,ward
per_dataset,Magnet_CTF_2019_Windows_Desktop,max,60,28,23,is_suspicious_domain,14,0.0,0.15663181067694001,-0.15663181067694001,0.3634532797499607,-0.43095444475050854,suppressed,binary_mean,agglomerative,k,28,ward
per_dataset,Magnet_CTF_2019_Windows_Desktop,max,60,28,23,mask_Chrome_Cache,15,0.0,0.15663181067694001,-0.15663181067694001,0.3634532797499607,-0.43095444475050854,suppressed,binary_mean,agglomerative,k,28,ward
per_dataset,Magnet_CTF_2019_Windows_Desktop,max,60,28,24,is_ntfs_event,1,1.0,0.03968079251513484,0.9603192074848652,0.19520816381623401,4.919462073288463,elevated,binary_mean,agglomerative,k,28,ward
per_dataset,Magnet_CTF_2019_Windows_Desktop,max,60,28,24,mask_WinEVTX,2,1.0,0.6248761695101817,0.37512383048981834,0.48415487427936155,0.7748012932848337,elevated,binary_mean,agglomerative,k,28,ward
per_dataset,Magnet_CTF_2019_Windows_Desktop,max,60,28,24,mask_NTFS_file_stat,3,0.0,0.18591084204733077,-0.18591084204733077,0.38903470392316314,-0.4778772572055083,suppressed,binary_mean,agglomerative,k,28,ward
per_dataset,Magnet_CTF_2019_Windows_Desktop,max,60,28,24,is_standard_info,4,0.0,0.18381948266373144,-0.18381948266373144,0.3873369082039169,-0.47457258532469154,suppressed,binary_mean,agglomerative,k,28,ward
per_dataset,Magnet_CTF_2019_Windows_Desktop,max,60,28,24,is_ntfs,5,0.0,0.1782608695652174,-0.1782608695652174,0.38273219350750987,-0.465758741834536,suppressed,binary_mean,agglomerative,k,28,ward
per_dataset,Magnet_CTF_2019_Windows_Desktop,max,60,28,24,mask_File_stat,6,0.0,0.1782608695652174,-0.1782608695652174,0.38273219350750987,-0.465758741834536,suppressed,binary_mean,agglomerative,k,28,ward
per_dataset,Magnet_CTF_2019_Windows_Desktop,max,60,28,24,has_sha256,7,0.0,0.17677490368739682,-0.17677490368739682,0.3814780951951349,-0.46339462548439664,suppressed,binary_mean,agglomerative,k,28,ward
per_dataset,Magnet_CTF_2019_Windows_Desktop,max,60,28,24,is_file,8,0.0,0.17677490368739682,-0.17677490368739682,0.3814780951951349,-0.46339462548439664,suppressed,binary_mean,agglomerative,k,28,ward
per_dataset,Magnet_CTF_2019_Windows_Desktop,max,60,28,24,is_file_entry,9,0.0,0.17677490368739682,-0.17677490368739682,0.3814780951951349,-0.46339462548439664,suppressed,binary_mean,agglomerative,k,28,ward
per_dataset,Magnet_CTF_2019_Windows_Desktop,max,60,28,24,has_macb_modified,10,0.0,0.17572922399559715,-0.17572922399559715,0.38058962653953454,-0.4617288731069873,suppressed,binary_mean,agglomerative,k,28,ward
per_dataset,Magnet_CTF_2019_Windows_Desktop,max,60,28,24,is_filename_attr,11,0.0,0.16609796367638965,-0.16609796367638965,0.3721685507118333,-0.4462976758668172,suppressed,binary_mean,agglomerative,k,28,ward
per_dataset,Magnet_CTF_2019_Windows_Desktop,max,60,28,24,has_modified_flag,12,0.0,0.16494221243808477,-0.16494221243808477,0.3711283861335784,-0.4444343632997512,suppressed,binary_mean,agglomerative,k,28,ward
per_dataset,Magnet_CTF_2019_Windows_Desktop,max,60,28,24,is_suspicious_domain,13,0.0,0.15663181067694001,-0.15663181067694001,0.3634532797499607,-0.43095444475050854,suppressed,binary_mean,agglomerative,k,28,ward
per_dataset,Magnet_CTF_2019_Windows_Desktop,max,60,28,24,mask_Chrome_Cache,14,0.0,0.15663181067694001,-0.15663181067694001,0.3634532797499607,-0.43095444475050854,suppressed,binary_mean,agglomerative,k,28,ward
per_dataset,Magnet_CTF_2019_Windows_Desktop,max,60,28,24,has_macb_accessed,15,0.0,0.11948266373142542,-0.11948266373142542,0.3243556023858206,-0.3683693426870658,suppressed,binary_mean,agglomerative,k,28,ward
per_dataset,Magnet_CTF_2019_Windows_Desktop,max,60,28,25,is_log_recovered,1,1.0,0.026582278481012658,0.9734177215189873,0.16085913387734793,6.0513670411002565,elevated,binary_mean,agglomerative,k,28,ward
per_dataset,Magnet_CTF_2019_Windows_Desktop,max,60,28,25,is_ntfs_event,2,0.3247422680412371,0.03968079251513484,0.2850614755261023,0.19520816381623401,1.4602947712346042,elevated,binary_mean,agglomerative,k,28,ward
per_dataset,Magnet_CTF_2019_Windows_Desktop,max,60,28,25,mask_WinEVTX,3,1.0,0.6248761695101817,0.37512383048981834,0.48415487427936155,0.7748012932848337,elevated,binary_mean,agglomerative,k,28,ward
per_dataset,Magnet_CTF_2019_Windows_Desktop,max,60,28,25,mask_NTFS_file_stat,4,0.0,0.18591084204733077,-0.18591084204733077,0.38903470392316314,-0.4778772572055083,suppressed,binary_mean,agglomerative,k,28,ward
per_dataset,Magnet_CTF_2019_Windows_Desktop,max,60,28,25,is_standard_info,5,0.0,0.18381948266373144,-0.18381948266373144,0.3873369082039169,-0.47457258532469154,suppressed,binary_mean,agglomerative,k,28,ward
per_dataset,Magnet_CTF_2019_Windows_Desktop,max,60,28,25,is_ntfs,6,0.0,0.1782608695652174,-0.1782608695652174,0.38273219350750987,-0.465758741834536,suppressed,binary_mean,agglomerative,k,28,ward
per_dataset,Magnet_CTF_2019_Windows_Desktop,max,60,28,25,mask_File_stat,7,0.0,0.1782608695652174,-0.1782608695652174,0.38273219350750987,-0.465758741834536,suppressed,binary_mean,agglomerative,k,28,ward
per_dataset,Magnet_CTF_2019_Windows_Desktop,max,60,28,25,has_sha256,8,0.0,0.17677490368739682,-0.17677490368739682,0.3814780951951349,-0.46339462548439664,suppressed,binary_mean,agglomerative,k,28,ward
per_dataset,Magnet_CTF_2019_Windows_Desktop,max,60,28,25,is_file,9,0.0,0.17677490368739682,-0.17677490368739682,0.3814780951951349,-0.46339462548439664,suppressed,binary_mean,agglomerative,k,28,ward
per_dataset,Magnet_CTF_2019_Windows_Desktop,max,60,28,25,is_file_entry,10,0.0,0.17677490368739682,-0.17677490368739682,0.3814780951951349,-0.46339462548439664,suppressed,binary_mean,agglomerative,k,28,ward
per_dataset,Magnet_CTF_2019_Windows_Desktop,max,60,28,25,has_macb_modified,11,0.0,0.17572922399559715,-0.17572922399559715,0.38058962653953454,-0.4617288731069873,suppressed,binary_mean,agglomerative,k,28,ward
per_dataset,Magnet_CTF_2019_Windows_Desktop,max,60,28,25,is_filename_attr,12,0.0,0.16609796367638965,-0.16609796367638965,0.3721685507118333,-0.4462976758668172,suppressed,binary_mean,agglomerative,k,28,ward
per_dataset,Magnet_CTF_2019_Windows_Desktop,max,60,28,25,has_modified_flag,13,0.0,0.16494221243808477,-0.16494221243808477,0.3711283861335784,-0.4444343632997512,suppressed,binary_mean,agglomerative,k,28,ward
per_dataset,Magnet_CTF_2019_Windows_Desktop,max,60,28,25,is_suspicious_domain,14,0.0,0.15663181067694001,-0.15663181067694001,0.3634532797499607,-0.43095444475050854,suppressed,binary_mean,agglomerative,k,28,ward
per_dataset,Magnet_CTF_2019_Windows_Desktop,max,60,28,25,mask_Chrome_Cache,15,0.0,0.15663181067694001,-0.15663181067694001,0.3634532797499607,-0.43095444475050854,suppressed,binary_mean,agglomerative,k,28,ward
per_dataset,Magnet_CTF_2019_Windows_Desktop,max,60,28,26,is_user_account_event,1,0.9071729957805907,0.023610346725371493,0.8835626490552192,0.15183180909440297,5.819351005113462,elevated,binary_mean,agglomerative,k,28,ward
per_dataset,Magnet_CTF_2019_Windows_Desktop,max,60,28,26,is_terminal_services,2,0.24050632911392406,0.012162905888827739,0.22834342322509632,0.10961281681065978,2.0831815935148392,elevated,binary_mean,agglomerative,k,28,ward
per_dataset,Magnet_CTF_2019_Windows_Desktop,max,60,28,26,mask_WinEVTX,3,1.0,0.6248761695101817,0.37512383048981834,0.48415487427936155,0.7748012932848337,elevated,binary_mean,agglomerative,k,28,ward
per_dataset,Magnet_CTF_2019_Windows_Desktop,max,60,28,26,mask_NTFS_file_stat,4,0.0,0.18591084204733077,-0.18591084204733077,0.38903470392316314,-0.4778772572055083,suppressed,binary_mean,agglomerative,k,28,ward
per_dataset,Magnet_CTF_2019_Windows_Desktop,max,60,28,26,is_standard_info,5,0.0,0.18381948266373144,-0.18381948266373144,0.3873369082039169,-0.47457258532469154,suppressed,binary_mean,agglomerative,k,28,ward
per_dataset,Magnet_CTF_2019_Windows_Desktop,max,60,28,26,is_ntfs,6,0.0,0.1782608695652174,-0.1782608695652174,0.38273219350750987,-0.465758741834536,suppressed,binary_mean,agglomerative,k,28,ward
per_dataset,Magnet_CTF_2019_Windows_Desktop,max,60,28,26,mask_File_stat,7,0.0,0.1782608695652174,-0.1782608695652174,0.38273219350750987,-0.465758741834536,suppressed,binary_mean,agglomerative,k,28,ward
per_dataset,Magnet_CTF_2019_Windows_Desktop,max,60,28,26,has_sha256,8,0.0,0.17677490368739682,-0.17677490368739682,0.3814780951951349,-0.46339462548439664,suppressed,binary_mean,agglomerative,k,28,ward
per_dataset,Magnet_CTF_2019_Windows_Desktop,max,60,28,26,is_file,9,0.0,0.17677490368739682,-0.17677490368739682,0.3814780951951349,-0.46339462548439664,suppressed,binary_mean,agglomerative,k,28,ward
per_dataset,Magnet_CTF_2019_Windows_Desktop,max,60,28,26,is_file_entry,10,0.0,0.17677490368739682,-0.17677490368739682,0.3814780951951349,-0.46339462548439664,suppressed,binary_mean,agglomerative,k,28,ward
per_dataset,Magnet_CTF_2019_Windows_Desktop,max,60,28,26,has_macb_modified,11,0.0,0.17572922399559715,-0.17572922399559715,0.38058962653953454,-0.4617288731069873,suppressed,binary_mean,agglomerative,k,28,ward
per_dataset,Magnet_CTF_2019_Windows_Desktop,max,60,28,26,is_filename_attr,12,0.0,0.16609796367638965,-0.16609796367638965,0.3721685507118333,-0.4462976758668172,suppressed,binary_mean,agglomerative,k,28,ward
per_dataset,Magnet_CTF_2019_Windows_Desktop,max,60,28,26,has_modified_flag,13,0.0,0.16494221243808477,-0.16494221243808477,0.3711283861335784,-0.4444343632997512,suppressed,binary_mean,agglomerative,k,28,ward
per_dataset,Magnet_CTF_2019_Windows_Desktop,max,60,28,26,is_suspicious_domain,14,0.0,0.15663181067694001,-0.15663181067694001,0.3634532797499607,-0.43095444475050854,suppressed,binary_mean,agglomerative,k,28,ward
per_dataset,Magnet_CTF_2019_Windows_Desktop,max,60,28,26,mask_Chrome_Cache,15,0.0,0.15663181067694001,-0.15663181067694001,0.3634532797499607,-0.43095444475050854,suppressed,binary_mean,agglomerative,k,28,ward
per_dataset,Magnet_CTF_2019_Windows_Desktop,max,60,28,27,mask_WinEVTX,1,1.0,0.6248761695101817,0.37512383048981834,0.48415487427936155,0.7748012932848337,elevated,binary_mean,agglomerative,k,28,ward
per_dataset,Magnet_CTF_2019_Windows_Desktop,max,60,28,27,mask_NTFS_file_stat,2,0.0,0.18591084204733077,-0.18591084204733077,0.38903470392316314,-0.4778772572055083,suppressed,binary_mean,agglomerative,k,28,ward
per_dataset,Magnet_CTF_2019_Windows_Desktop,max,60,28,27,is_standard_info,3,0.0,0.18381948266373144,-0.18381948266373144,0.3873369082039169,-0.47457258532469154,suppressed,binary_mean,agglomerative,k,28,ward
per_dataset,Magnet_CTF_2019_Windows_Desktop,max,60,28,27,is_ntfs,4,0.0,0.1782608695652174,-0.1782608695652174,0.38273219350750987,-0.465758741834536,suppressed,binary_mean,agglomerative,k,28,ward
per_dataset,Magnet_CTF_2019_Windows_Desktop,max,60,28,27,mask_File_stat,5,0.0,0.1782608695652174,-0.1782608695652174,0.38273219350750987,-0.465758741834536,suppressed,binary_mean,agglomerative,k,28,ward
per_dataset,Magnet_CTF_2019_Windows_Desktop,max,60,28,27,has_sha256,6,0.0,0.17677490368739682,-0.17677490368739682,0.3814780951951349,-0.46339462548439664,suppressed,binary_mean,agglomerative,k,28,ward
per_dataset,Magnet_CTF_2019_Windows_Desktop,max,60,28,27,is_file,7,0.0,0.17677490368739682,-0.17677490368739682,0.3814780951951349,-0.46339462548439664,suppressed,binary_mean,agglomerative,k,28,ward
per_dataset,Magnet_CTF_2019_Windows_Desktop,max,60,28,27,is_file_entry,8,0.0,0.17677490368739682,-0.17677490368739682,0.3814780951951349,-0.46339462548439664,suppressed,binary_mean,agglomerative,k,28,ward
per_dataset,Magnet_CTF_2019_Windows_Desktop,max,60,28,27,has_macb_modified,9,0.0,0.17572922399559715,-0.17572922399559715,0.38058962653953454,-0.4617288731069873,suppressed,binary_mean,agglomerative,k,28,ward
per_dataset,Magnet_CTF_2019_Windows_Desktop,max,60,28,27,is_filename_attr,10,0.0,0.16609796367638965,-0.16609796367638965,0.3721685507118333,-0.4462976758668172,suppressed,binary_mean,agglomerative,k,28,ward
per_dataset,Magnet_CTF_2019_Windows_Desktop,max,60,28,27,has_modified_flag,11,0.0,0.16494221243808477,-0.16494221243808477,0.3711283861335784,-0.4444343632997512,suppressed,binary_mean,agglomerative,k,28,ward
per_dataset,Magnet_CTF_2019_Windows_Desktop,max,60,28,27,is_suspicious_domain,12,0.0,0.15663181067694001,-0.15663181067694001,0.3634532797499607,-0.43095444475050854,suppressed,binary_mean,agglomerative,k,28,ward
per_dataset,Magnet_CTF_2019_Windows_Desktop,max,60,28,27,mask_Chrome_Cache,13,0.0,0.15663181067694001,-0.15663181067694001,0.3634532797499607,-0.43095444475050854,suppressed,binary_mean,agglomerative,k,28,ward
per_dataset,Magnet_CTF_2019_Windows_Desktop,max,60,28,27,has_macb_accessed,14,0.0,0.11948266373142542,-0.11948266373142542,0.3243556023858206,-0.3683693426870658,suppressed,binary_mean,agglomerative,k,28,ward
per_dataset,Magnet_CTF_2019_Windows_Desktop,max,60,28,27,is_accessed,15,0.0,0.1077600440286186,-0.1077600440286186,0.3100771145047128,-0.34752658455777435,suppressed,binary_mean,agglomerative,k,28,ward
